Company;CI Name;CI Description;Domain;DNS Host Name;Priority;Region;System Role;Site Group;Manufacturer;Product Name;;Site;Tier 1;Tier 2;Tier 3;Tag Number;NbrCells;Status;CI ID;Model Version
Capita TfL GB;PCN-J007-HCU-ZDC8-S;PCN-J007-HCU-ZDC8-S | Sector 27 | Platform 1;TFLGB-PCN-J007-HCU-ZDC8-S;PCN-J007-HCU-ZDC8-S;Priority_5;London;HCU;Canary Wharf;SOLiD;SOLiD HCU;Platform 1;TFLGB-J007;RAN;Multi Techno;Repeater, Transcoder;Sector 27;;Deployed;;
Capita TfL GB;PCN-J005-LRN-37S;PCN-J005-LRN-37S | Sector 32 | Ticket Hall_Escalator;TFLGB-PCN-J005-LRN-37S;PCN-J005-LRN-37S;Priority_5;London;LRN;North Greenwhich;SOLiD;SOLiD LRN;Ticket Hall_Escalator;TFLGB-J005;RAN;Multi Techno;Repeater, Transcoder;Sector 32;;Deployed;;
Capita TfL GB;PCN-J012-J-EBLO-HRN-002M;PCN-J012-J-EBLO-HRN-002M | Sector 25 | East Tunnel;TFLGB-PCN-J012-J-EBLO-HRN-002M;PCN-J012-J-EBLO-HRN-002M;Priority_5;London;HRN;Canada Water;SOLiD;SOLiD HRN;East Tunnel;TFLGB-J012;RAN;Multi Techno;Repeater, Transcoder;Sector 25;;Deployed;;
Capita TfL GB;PCN-J011-LRN-53M;PCN-J011-LRN-53M | Sector 20 | Platform 1;TFLGB-PCN-J011-LRN-53M;PCN-J011-LRN-53M;Priority_5;London;LRN;Bermondsey;SOLiD;SOLiD LRN;Platform 1;TFLGB-J011;RAN;Multi Techno;Repeater, Transcoder;Sector 20;;Deployed;;
Capita TfL GB;PCN-J007-LRN-20M;PCN-J007-LRN-20M | Sector 27 | Platform 1;TFLGB-PCN-J007-LRN-20M;PCN-J007-LRN-20M;Priority_5;London;LRN;Canary Wharf;SOLiD;SOLiD LRN;Platform 1;TFLGB-J007;RAN;Multi Techno;Repeater, Transcoder;Sector 27;;Deployed;;
Capita TfL GB;PCN-J013-HCU-ZDC4-M2;PCN-J013-HCU-ZDC4-M2 | Sector 10 | Platform 1;TFLGB-PCN-J013-HCU-ZDC4-M2;PCN-J013-HCU-ZDC4-M2;Priority_5;London;HCU;Southwark;SOLiD;SOLiD HCU;Platform 1;TFLGB-J013;RAN;Multi Techno;Repeater, Transcoder;Sector 10;;Deployed;;
Capita TfL GB;PCN-J013-HCU-ZDC5-S;PCN-J013-HCU-ZDC5-S | Sector 12 | Ticket Hall_Escalator;TFLGB-PCN-J013-HCU-ZDC5-S;PCN-J013-HCU-ZDC5-S;Priority_5;London;HCU;Southwark;SOLiD;SOLiD HCU;Ticket Hall_Escalator;TFLGB-J013;RAN;Multi Techno;Repeater, Transcoder;Sector 12;;Deployed;;
Capita TfL GB;PCN-J013-LRN-36S;PCN-J013-LRN-36S | Sector 12 | Ticket Hall_Escalator;TFLGB-PCN-J013-LRN-36S;PCN-J013-LRN-36S;Priority_5;London;LRN;Southwark;SOLiD;SOLiD LRN;Ticket Hall_Escalator;TFLGB-J013;RAN;Multi Techno;Repeater, Transcoder;Sector 12;;Deployed;;
Capita TfL GB;PCN-D101-LRN-52M;PCN-D101-LRN-52M | Sector 3 | Ticket Hall_Escalator;TFLGB-PCN-D101-LRN-52M;PCN-D101-LRN-52M;Priority_5;London;LRN;Westminster;SOLiD;SOLiD LRN;Ticket Hall_Escalator;TFLGB-D101;RAN;Multi Techno;Repeater, Transcoder;Sector 3;;Deployed;;
Capita TfL GB;PCN-D101-HCU-ZDC3-M;PCN-D101-HCU-ZDC3-M | Sector 3 | Ticket Hall_Escalator;TFLGB-PCN-D101-HCU-ZDC3-M;PCN-D101-HCU-ZDC3-M;Priority_5;London;HCU;Westminster;SOLiD;SOLiD HCU;Ticket Hall_Escalator;TFLGB-D101;RAN;Multi Techno;Repeater, Transcoder;Sector 3;;Deployed;;
Capita TfL GB;PCN-J011-HCU-ZDC4-M;PCN-J011-HCU-ZDC4-M | Sector 20 | Platform 1;TFLGB-PCN-J011-HCU-ZDC4-M;PCN-J011-HCU-ZDC4-M;Priority_5;London;HCU;Bermondsey;SOLiD;SOLiD HCU;Platform 1;TFLGB-J011;RAN;Multi Techno;Repeater, Transcoder;Sector 20;;Deployed;;
Capita TfL GB;PCN-J008-J-WBLO-HRN-001M;PCN-J008-J-WBLO-HRN-001M | Sector 30 | West Tunnel;TFLGB-PCN-J008-J-WBLO-HRN-001M;PCN-J008-J-WBLO-HRN-001M;Priority_5;London;HRN;Canary Wharf;SOLiD;SOLiD HRN;West Tunnel;TFLGB-J008;RAN;Multi Techno;Repeater, Transcoder;Sector 30;;Deployed;;
Capita TfL GB;PCN-J005-HCU-ZDC8-S;PCN-J005-HCU-ZDC8-S | Sector 31 | Platform;TFLGB-PCN-J005-HCU-ZDC8-S;PCN-J005-HCU-ZDC8-S;Priority_5;London;HCU;North Greenwhich;SOLiD;SOLiD HCU;Platform;TFLGB-J005;RAN;Multi Techno;Repeater, Transcoder;Sector 31;;Deployed;;
Capita TfL GB;PCN-J007-LRN-39M;PCN-J007-LRN-39M | Sector 28 | Ticket Hall_Escalator;TFLGB-PCN-J007-LRN-39M;PCN-J007-LRN-39M;Priority_5;London;LRN;Canary Wharf;SOLiD;SOLiD LRN;Ticket Hall_Escalator;TFLGB-J007;RAN;Multi Techno;Repeater, Transcoder;Sector 28;;Deployed;;
Capita TfL GB;PCN-J005-HCU-ZDC14-S;PCN-J005-HCU-ZDC14-S | Sector 32 | Ticket Hall_Escalator;TFLGB-PCN-J005-HCU-ZDC14-S;PCN-J005-HCU-ZDC14-S;Priority_5;London;HCU;North Greenwhich;SOLiD;SOLiD HCU;Ticket Hall_Escalator;TFLGB-J005;RAN;Multi Techno;Repeater, Transcoder;Sector 32;;Deployed;;
Capita TfL GB;PCN-N115-LRN-101S;PCN-N115-LRN-101S | Sector 6 | Platform 5;TFLGB-PCN-N115-LRN-101S;PCN-N115-LRN-101S;Priority_5;London;LRN;Waterloo;SOLiD;SOLiD LRN;Platform 5;TFLGB-N115;RAN;Multi Techno;Repeater, Transcoder;Sector 6;;Deployed;;
Capita TfL GB;PCN-J007-LRN-15S;PCN-J007-LRN-15S | Sector 27 | Platform 1;TFLGB-PCN-J007-LRN-15S;PCN-J007-LRN-15S;Priority_5;London;LRN;Canary Wharf;SOLiD;SOLiD LRN;Platform 1;TFLGB-J007;RAN;Multi Techno;Repeater, Transcoder;Sector 27;;Deployed;;
Capita TfL GB;PCN-J006-J-EBLO-HRN-001S;PCN-J006-J-EBLO-HRN-001S | Sector 33 | East Tunnel;TFLGB-PCN-J006-J-EBLO-HRN-001S;PCN-J006-J-EBLO-HRN-001S;Priority_5;London;HRN;North Greenwhich;SOLiD;SOLiD HRN;East Tunnel;TFLGB-J006;RAN;Multi Techno;Repeater, Transcoder;Sector 33;;Deployed;;
Capita TfL GB;PCN-D101-HCU-ZDC9-M;PCN-D101-HCU-ZDC9-M | Sector 3 | Ticket Hall_Escalator;TFLGB-PCN-D101-HCU-ZDC9-M;PCN-D101-HCU-ZDC9-M;Priority_5;London;HCU;Westminster;SOLiD;SOLiD HCU;Ticket Hall_Escalator;TFLGB-D101;RAN;Multi Techno;Repeater, Transcoder;Sector 3;;Deployed;;
Capita TfL GB;PCN-D101-LRN-60S;PCN-D101-LRN-60S | Sector 2 | Platform 4;TFLGB-PCN-D101-LRN-60S;PCN-D101-LRN-60S;Priority_5;London;LRN;Westminster;SOLiD;SOLiD LRN;Platform 4;TFLGB-D101;RAN;Multi Techno;Repeater, Transcoder;Sector 2;;Deployed;;
Capita TfL GB;PCN-N135-HCU-SBDC-S1;PCN-N135-HCU-SBDC-S1 | Sector 16 | Platform 4;TFLGB-PCN-N135-HCU-SBDC-S1;PCN-N135-HCU-SBDC-S1;Priority_5;London;HCU;London Bridge;SOLiD;SOLiD HCU;Platform 4;TFLGB-N135;RAN;Multi Techno;Repeater, Transcoder;Sector 16;;Deployed;;
Capita TfL GB;PCN-J014-J-WBLO-HRN-002S;PCN-J014-J-WBLO-HRN-002S | Sector 21 | West Tunnel;TFLGB-PCN-J014-J-WBLO-HRN-002S;PCN-J014-J-WBLO-HRN-002S;Priority_5;London;HRN;Bermondsey;SOLiD;SOLiD HRN;West Tunnel;TFLGB-J014;RAN;Multi Techno;Repeater, Transcoder;Sector 21;;Deployed;;
Capita TfL GB;PCN-J009-DAS3;PCN-J009-DAS3 | Sector 3 | BTS Hotel;TFLGB-PCN-J009-DAS3;PCN-J009-DAS3;Priority_1;London;DAU;Canada Water;SOLiD;SOLiD DAU;BTS Hotel;TFLGB-J009;RAN;Multi Techno;Repeater, Transcoder;Sector 3;;Deployed;;
Capita TfL GB;PCN-J005-LRN-36M;PCN-J005-LRN-36M | Sector 32 | Ticket Hall_Escalator;TFLGB-PCN-J005-LRN-36M;PCN-J005-LRN-36M;Priority_5;London;LRN;North Greenwhich;SOLiD;SOLiD LRN;Ticket Hall_Escalator;TFLGB-J005;RAN;Multi Techno;Repeater, Transcoder;Sector 32;;Deployed;;
Capita TfL GB;PCN-D101-LRN-33S;PCN-D101-LRN-33S | Sector 3 | Ticket Hall_Escalator;TFLGB-PCN-D101-LRN-33S;PCN-D101-LRN-33S;Priority_5;London;LRN;Westminster;SOLiD;SOLiD LRN;Ticket Hall_Escalator;TFLGB-D101;RAN;Multi Techno;Repeater, Transcoder;Sector 3;;Deployed;;
Capita TfL GB;PCN-N135-HCU-SBDC-S2;PCN-N135-HCU-SBDC-S2 | Sector 15 | Platform 3;TFLGB-PCN-N135-HCU-SBDC-S2;PCN-N135-HCU-SBDC-S2;Priority_5;London;HCU;London Bridge;SOLiD;SOLiD HCU;Platform 3;TFLGB-N135;RAN;Multi Techno;Repeater, Transcoder;Sector 15;;Deployed;;
Capita TfL GB;PCN-J013-LRN-50S;PCN-J013-LRN-50S | Sector 11 | Platform 2;TFLGB-PCN-J013-LRN-50S;PCN-J013-LRN-50S;Priority_5;London;LRN;Southwark;SOLiD;SOLiD LRN;Platform 2;TFLGB-J013;RAN;Multi Techno;Repeater, Transcoder;Sector 11;;Deployed;;
Capita TfL GB;PCN-D101-HCU-ZDC1-S;PCN-D101-HCU-ZDC1-S | Sector 3 | Ticket Hall_Escalator;TFLGB-PCN-D101-HCU-ZDC1-S;PCN-D101-HCU-ZDC1-S;Priority_5;London;HCU;Westminster;SOLiD;SOLiD HCU;Ticket Hall_Escalator;TFLGB-D101;RAN;Multi Techno;Repeater, Transcoder;Sector 3;;Deployed;;
Capita TfL GB;PCN-D101-LRN-46M;PCN-D101-LRN-46M | Sector 1 | Platform 3;TFLGB-PCN-D101-LRN-46M;PCN-D101-LRN-46M;Priority_5;London;LRN;Westminster;SOLiD;SOLiD LRN;Platform 3;TFLGB-D101;RAN;Multi Techno;Repeater, Transcoder;Sector 1;;Deployed;;
Capita TfL GB;PCN-D101-LRN-35S;PCN-D101-LRN-35S | Sector 3 | Ticket Hall_Escalator;TFLGB-PCN-D101-LRN-35S;PCN-D101-LRN-35S;Priority_5;London;LRN;Westminster;SOLiD;SOLiD LRN;Ticket Hall_Escalator;TFLGB-D101;RAN;Multi Techno;Repeater, Transcoder;Sector 3;;Deployed;;
Capita TfL GB;PCN-N135-LRN-77M;PCN-N135-LRN-77M | Sector 15 | Platform 3;TFLGB-PCN-N135-LRN-77M;PCN-N135-LRN-77M;Priority_5;London;LRN;London Bridge;SOLiD;SOLiD LRN;Platform 3;TFLGB-N135;RAN;Multi Techno;Repeater, Transcoder;Sector 15;;Deployed;;
Capita TfL GB;PCN-J012-J-EBLO-HRN-001S;PCN-J012-J-EBLO-HRN-001S | Sector 25 | East Tunnel;TFLGB-PCN-J012-J-EBLO-HRN-001S;PCN-J012-J-EBLO-HRN-001S;Priority_5;London;HRN;Canada Water;SOLiD;SOLiD HRN;East Tunnel;TFLGB-J012;RAN;Multi Techno;Repeater, Transcoder;Sector 25;;Deployed;;
Capita TfL GB;PCN-J009-DAS11;PCN-J009-DAS11 | Sector 11 | BTS Hotel;TFLGB-PCN-J009-DAS11;PCN-J009-DAS11;Priority_1;London;DAU;Canada Water;SOLiD;SOLiD DAU;BTS Hotel;TFLGB-J009;RAN;Multi Techno;Repeater, Transcoder;Sector 11;;Deployed;;
Capita TfL GB;PCN-J011-LRN-40M;PCN-J011-LRN-40M | Sector 20 | Platform 1;TFLGB-PCN-J011-LRN-40M;PCN-J011-LRN-40M;Priority_5;London;LRN;Bermondsey;SOLiD;SOLiD LRN;Platform 1;TFLGB-J011;RAN;Multi Techno;Repeater, Transcoder;Sector 20;;Deployed;;
Capita TfL GB;PCN-J013-LRN-5S;PCN-J013-LRN-5S | Sector 12 | Ticket Hall_Escalator;TFLGB-PCN-J013-LRN-5S;PCN-J013-LRN-5S;Priority_5;London;LRN;Southwark;SOLiD;SOLiD LRN;Ticket Hall_Escalator;TFLGB-J013;RAN;Multi Techno;Repeater, Transcoder;Sector 12;;Deployed;;
Capita TfL GB;PCN-N135-LRN-74S;PCN-N135-LRN-74S | Sector 16 | Platform 4;TFLGB-PCN-N135-LRN-74S;PCN-N135-LRN-74S;Priority_5;London;LRN;London Bridge;SOLiD;SOLiD LRN;Platform 4;TFLGB-N135;RAN;Multi Techno;Repeater, Transcoder;Sector 16;;Deployed;;
Capita TfL GB;PCN-N115-LRN-104M;PCN-N115-LRN-104M | Sector 7 | Platform 6;TFLGB-PCN-N115-LRN-104M;PCN-N115-LRN-104M;Priority_5;London;LRN;Waterloo;SOLiD;SOLiD LRN;Platform 6;TFLGB-N115;RAN;Multi Techno;Repeater, Transcoder;Sector 7;;Deployed;;
Capita TfL GB;PCN-J009-LRN-44M;PCN-J009-LRN-44M | Sector 24 | Ticket Hall_Escalator;TFLGB-PCN-J009-LRN-44M;PCN-J009-LRN-44M;Priority_5;London;LRN;Canada Water;SOLiD;SOLiD LRN;Ticket Hall_Escalator;TFLGB-J009;RAN;Multi Techno;Repeater, Transcoder;Sector 24;;Deployed;;
Capita TfL GB;PCN-J008-J-EBLO-HRN-002S;PCN-J008-J-EBLO-HRN-002S | Sector 26 | East Tunnel;TFLGB-PCN-J008-J-EBLO-HRN-002S;PCN-J008-J-EBLO-HRN-002S;Priority_5;London;HRN;Canary Wharf;SOLiD;SOLiD HRN;East Tunnel;TFLGB-J008;RAN;Multi Techno;Repeater, Transcoder;Sector 26;;Deployed;;
Capita TfL GB;PCN-D101-HCU-ZDC7-S;PCN-D101-HCU-ZDC7-S | Sector 1 | Platform 3;TFLGB-PCN-D101-HCU-ZDC7-S;PCN-D101-HCU-ZDC7-S;Priority_5;London;HCU;Westminster;SOLiD;SOLiD HCU;Platform 3;TFLGB-D101;RAN;Multi Techno;Repeater, Transcoder;Sector 1;;Deployed;;
Capita TfL GB;PCN-N115-LRN-105S;PCN-N115-LRN-105S | Sector 7 | Platform 6;TFLGB-PCN-N115-LRN-105S;PCN-N115-LRN-105S;Priority_5;London;LRN;Waterloo;SOLiD;SOLiD LRN;Platform 6;TFLGB-N115;RAN;Multi Techno;Repeater, Transcoder;Sector 7;;Deployed;;
Capita TfL GB;PCN-J009-DAS7;PCN-J009-DAS7 | Sector 7 | BTS Hotel;TFLGB-PCN-J009-DAS7;PCN-J009-DAS7;Priority_1;London;DAU;Canada Water;SOLiD;SOLiD DAU;BTS Hotel;TFLGB-J009;RAN;Multi Techno;Repeater, Transcoder;Sector 7;;Deployed;;
Capita TfL GB;PCN-D101-HCU-SBDC1-S;PCN-D101-HCU-SBDC1-S | Sector 3 | Ticket Hall_Escalator;TFLGB-PCN-D101-HCU-SBDC1-S;PCN-D101-HCU-SBDC1-S;Priority_5;London;HCU;Westminster;SOLiD;SOLiD HCU;Ticket Hall_Escalator;TFLGB-D101;RAN;Multi Techno;Repeater, Transcoder;Sector 3;;Deployed;;
Capita TfL GB;PCN-J009-LRN-68S;PCN-J009-LRN-68S | Sector 23 | Platform 1;TFLGB-PCN-J009-LRN-68S;PCN-J009-LRN-68S;Priority_5;London;LRN;Canada Water;SOLiD;SOLiD LRN;Platform 1;TFLGB-J009;RAN;Multi Techno;Repeater, Transcoder;Sector 23;;Deployed;;
Capita TfL GB;PCN-D101-HCU-ZDC3-S;PCN-D101-HCU-ZDC3-S | Sector 3 | Ticket Hall_Escalator;TFLGB-PCN-D101-HCU-ZDC3-S;PCN-D101-HCU-ZDC3-S;Priority_5;London;HCU;Westminster;SOLiD;SOLiD HCU;Ticket Hall_Escalator;TFLGB-D101;RAN;Multi Techno;Repeater, Transcoder;Sector 3;;Deployed;;
Capita TfL GB;PCN-J009-DAS25;PCN-J009-DAS25 | Sector 25 | BTS Hotel;TFLGB-PCN-J009-DAS25;PCN-J009-DAS25;Priority_1;London;DAU;Canada Water;SOLiD;SOLiD DAU;BTS Hotel;TFLGB-J009;RAN;Multi Techno;Repeater, Transcoder;Sector 25;;Deployed;;
Capita TfL GB;PCN-D101-HCU-ZDC6-S1;PCN-D101-HCU-ZDC6-S1 | Sector 3 | Ticket Hall_Escalator;TFLGB-PCN-D101-HCU-ZDC6-S1;PCN-D101-HCU-ZDC6-S1;Priority_5;London;HCU;Westminster;SOLiD;SOLiD HCU;Ticket Hall_Escalator;TFLGB-D101;RAN;Multi Techno;Repeater, Transcoder;Sector 3;;Deployed;;
Capita TfL GB;PCN-J016-J-WBLO-HRN-002S;PCN-J016-J-WBLO-HRN-002S | Sector 14 | West Tunnel;TFLGB-PCN-J016-J-WBLO-HRN-002S;PCN-J016-J-WBLO-HRN-002S;Priority_5;London;HRN;London Bridge;SOLiD;SOLiD HRN;West Tunnel;TFLGB-J016;RAN;Multi Techno;Repeater, Transcoder;Sector 14;;Deployed;;
Capita TfL GB;PCN-J016-J-WBLO-HRN-002M;PCN-J016-J-WBLO-HRN-002M | Sector 14 | West Tunnel;TFLGB-PCN-J016-J-WBLO-HRN-002M;PCN-J016-J-WBLO-HRN-002M;Priority_5;London;HRN;London Bridge;SOLiD;SOLiD HRN;West Tunnel;TFLGB-J016;RAN;Multi Techno;Repeater, Transcoder;Sector 14;;Deployed;;
Capita TfL GB;PCN-D101-HCU-ZDC2-M;PCN-D101-HCU-ZDC2-M | Sector 3 | Ticket Hall_Escalator;TFLGB-PCN-D101-HCU-ZDC2-M;PCN-D101-HCU-ZDC2-M;Priority_5;London;HCU;Westminster;SOLiD;SOLiD HCU;Ticket Hall_Escalator;TFLGB-D101;RAN;Multi Techno;Repeater, Transcoder;Sector 3;;Deployed;;
Capita TfL GB;PCN-J013-HCU-ZDC4-M1;PCN-J013-HCU-ZDC4-M1 | Sector 11 | Platform 2;TFLGB-PCN-J013-HCU-ZDC4-M1;PCN-J013-HCU-ZDC4-M1;Priority_5;London;HCU;Southwark;SOLiD;SOLiD HCU;Platform 2;TFLGB-J013;RAN;Multi Techno;Repeater, Transcoder;Sector 11;;Deployed;;
Capita TfL GB;PCN-J005-HCU-ZDC8-M;PCN-J005-HCU-ZDC8-M | Sector 31 | Platform;TFLGB-PCN-J005-HCU-ZDC8-M;PCN-J005-HCU-ZDC8-M;Priority_5;London;HCU;North Greenwhich;SOLiD;SOLiD HCU;Platform;TFLGB-J005;RAN;Multi Techno;Repeater, Transcoder;Sector 31;;Deployed;;
Capita TfL GB;PCN-J007-HCU-SBDC1-S;PCN-J007-HCU-SBDC1-S | Sector 28 | Ticket Hall_Escalator;TFLGB-PCN-J007-HCU-SBDC1-S;PCN-J007-HCU-SBDC1-S;Priority_5;London;HCU;Canary Wharf;SOLiD;SOLiD HCU;Ticket Hall_Escalator;TFLGB-J007;RAN;Multi Techno;Repeater, Transcoder;Sector 28;;Deployed;;
Capita TfL GB;PCN-D101-LRN-52S;PCN-D101-LRN-52S | Sector 3 | Ticket Hall_Escalator;TFLGB-PCN-D101-LRN-52S;PCN-D101-LRN-52S;Priority_5;London;LRN;Westminster;SOLiD;SOLiD LRN;Ticket Hall_Escalator;TFLGB-D101;RAN;Multi Techno;Repeater, Transcoder;Sector 3;;Deployed;;
Capita TfL GB;PCN-J009-HCU-ZDC10-M;PCN-J009-HCU-ZDC10-M | Sector 23 | Platform 1;TFLGB-PCN-J009-HCU-ZDC10-M;PCN-J009-HCU-ZDC10-M;Priority_5;London;HCU;Canada Water;SOLiD;SOLiD HCU;Platform 1;TFLGB-J009;RAN;Multi Techno;Repeater, Transcoder;Sector 23;;Deployed;;
Capita TfL GB;PCN-J007-LRN-18S;PCN-J007-LRN-18S | Sector 27 | Platform 1;TFLGB-PCN-J007-LRN-18S;PCN-J007-LRN-18S;Priority_5;London;LRN;Canary Wharf;SOLiD;SOLiD LRN;Platform 1;TFLGB-J007;RAN;Multi Techno;Repeater, Transcoder;Sector 27;;Deployed;;
Capita TfL GB;PCN-J011-HCU-ZDC4-S;PCN-J011-HCU-ZDC4-S | Sector 20 | Platform 1;TFLGB-PCN-J011-HCU-ZDC4-S;PCN-J011-HCU-ZDC4-S;Priority_5;London;HCU;Bermondsey;SOLiD;SOLiD HCU;Platform 1;TFLGB-J011;RAN;Multi Techno;Repeater, Transcoder;Sector 20;;Deployed;;
Capita TfL GB;PCN-J012-J-WBLO-HRN-001S;PCN-J012-J-WBLO-HRN-001S | Sector 29 | West Tunnel;TFLGB-PCN-J012-J-WBLO-HRN-001S;PCN-J012-J-WBLO-HRN-001S;Priority_5;London;HRN;Canada Water;SOLiD;SOLiD HRN;West Tunnel;TFLGB-J012;RAN;Multi Techno;Repeater, Transcoder;Sector 29;;Deployed;;
Capita TfL GB;PCN-J008-J-EBLO-HRN-001M;PCN-J008-J-EBLO-HRN-001M | Sector 26 | East Tunnel;TFLGB-PCN-J008-J-EBLO-HRN-001M;PCN-J008-J-EBLO-HRN-001M;Priority_5;London;HRN;Canary Wharf;SOLiD;SOLiD HRN;East Tunnel;TFLGB-J008;RAN;Multi Techno;Repeater, Transcoder;Sector 26;;Deployed;;
Capita TfL GB;PCN-D101-LRN-34S;PCN-D101-LRN-34S | Sector 3 | Ticket Hall_Escalator;TFLGB-PCN-D101-LRN-34S;PCN-D101-LRN-34S;Priority_5;London;LRN;Westminster;SOLiD;SOLiD LRN;Ticket Hall_Escalator;TFLGB-D101;RAN;Multi Techno;Repeater, Transcoder;Sector 3;;Deployed;;
Capita TfL GB;PCN-D101-LRN-53M;PCN-D101-LRN-53M | Sector 3 | Ticket Hall_Escalator;TFLGB-PCN-D101-LRN-53M;PCN-D101-LRN-53M;Priority_5;London;LRN;Westminster;SOLiD;SOLiD LRN;Ticket Hall_Escalator;TFLGB-D101;RAN;Multi Techno;Repeater, Transcoder;Sector 3;;Deployed;;
Capita TfL GB;PCN-J006-J-WBLO-HRN-001M;PCN-J006-J-WBLO-HRN-001M | Sector 33 | West Tunnel;TFLGB-PCN-J006-J-WBLO-HRN-001M;PCN-J006-J-WBLO-HRN-001M;Priority_5;London;HRN;North Greenwhich;SOLiD;SOLiD HRN;West Tunnel;TFLGB-J006;RAN;Multi Techno;Repeater, Transcoder;Sector 33;;Deployed;;
Capita TfL GB;PCN-D101-LRN-44M;PCN-D101-LRN-44M | Sector 1 | Platform 3;TFLGB-PCN-D101-LRN-44M;PCN-D101-LRN-44M;Priority_5;London;LRN;Westminster;SOLiD;SOLiD LRN;Platform 3;TFLGB-D101;RAN;Multi Techno;Repeater, Transcoder;Sector 1;;Deployed;;
Capita TfL GB;PCN-N115-LRN-105M;PCN-N115-LRN-105M | Sector 7 | Platform 6;TFLGB-PCN-N115-LRN-105M;PCN-N115-LRN-105M;Priority_5;London;LRN;Waterloo;SOLiD;SOLiD LRN;Platform 6;TFLGB-N115;RAN;Multi Techno;Repeater, Transcoder;Sector 7;;Deployed;;
Capita TfL GB;PCN-N115-LRN-101M;PCN-N115-LRN-101M | Sector 6 | Platform 5;TFLGB-PCN-N115-LRN-101M;PCN-N115-LRN-101M;Priority_5;London;LRN;Waterloo;SOLiD;SOLiD LRN;Platform 5;TFLGB-N115;RAN;Multi Techno;Repeater, Transcoder;Sector 6;;Deployed;;
Capita TfL GB;PCN-J005-HCU-ZDC5-S;PCN-J005-HCU-ZDC5-S | Sector 32 | Ticket Hall_Escalator;TFLGB-PCN-J005-HCU-ZDC5-S;PCN-J005-HCU-ZDC5-S;Priority_5;London;HCU;North Greenwhich;SOLiD;SOLiD HCU;Ticket Hall_Escalator;TFLGB-J005;RAN;Multi Techno;Repeater, Transcoder;Sector 32;;Deployed;;
Capita TfL GB;PCN-J022-J-EBLO-HRN-001S;PCN-J022-J-EBLO-HRN-001S | Sector 9 | East Tunnel;TFLGB-PCN-J022-J-EBLO-HRN-001S;PCN-J022-J-EBLO-HRN-001S;Priority_5;London;HRN;Waterloo;SOLiD;SOLiD HRN;East Tunnel;TFLGB-J022;RAN;Multi Techno;Repeater, Transcoder;Sector 9;;Deployed;;
Capita TfL GB;PCN-J009-DAS24;PCN-J009-DAS24 | Sector 24 | BTS Hotel;TFLGB-PCN-J009-DAS24;PCN-J009-DAS24;Priority_1;London;DAU;Canada Water;SOLiD;SOLiD DAU;BTS Hotel;TFLGB-J009;RAN;Multi Techno;Repeater, Transcoder;Sector 24;;Deployed;;
Capita TfL GB;PCN-J011-LRN-39S;PCN-J011-LRN-39S | Sector 20 | Platform 1;TFLGB-PCN-J011-LRN-39S;PCN-J011-LRN-39S;Priority_5;London;LRN;Bermondsey;SOLiD;SOLiD LRN;Platform 1;TFLGB-J011;RAN;Multi Techno;Repeater, Transcoder;Sector 20;;Deployed;;
Capita TfL GB;PCN-J007-LRN-19S;PCN-J007-LRN-19S | Sector 27 | Platform 1;TFLGB-PCN-J007-LRN-19S;PCN-J007-LRN-19S;Priority_5;London;LRN;Canary Wharf;SOLiD;SOLiD LRN;Platform 1;TFLGB-J007;RAN;Multi Techno;Repeater, Transcoder;Sector 27;;Deployed;;
Capita TfL GB;PCN-J005-LRN-64S;PCN-J005-LRN-64S | Sector 31 | Platform;TFLGB-PCN-J005-LRN-64S;PCN-J005-LRN-64S;Priority_5;London;LRN;North Greenwhich;SOLiD;SOLiD LRN;Platform;TFLGB-J005;RAN;Multi Techno;Repeater, Transcoder;Sector 31;;Deployed;;
Capita TfL GB;PCN-N135-LRN-74M;PCN-N135-LRN-74M | Sector 16 | Platform 4;TFLGB-PCN-N135-LRN-74M;PCN-N135-LRN-74M;Priority_5;London;LRN;London Bridge;SOLiD;SOLiD LRN;Platform 4;TFLGB-N135;RAN;Multi Techno;Repeater, Transcoder;Sector 16;;Deployed;;
Capita TfL GB;PCN-J016-J-WBLO-HRN-001S;PCN-J016-J-WBLO-HRN-001S | Sector 21 | West Tunnel;TFLGB-PCN-J016-J-WBLO-HRN-001S;PCN-J016-J-WBLO-HRN-001S;Priority_5;London;HRN;London Bridge;SOLiD;SOLiD HRN;West Tunnel;TFLGB-J016;RAN;Multi Techno;Repeater, Transcoder;Sector 21;;Deployed;;
Capita TfL GB;PCN-J024-J-EBLO-HRN-002M;PCN-J024-J-EBLO-HRN-002M | Sector 4 | East Tunnel;TFLGB-PCN-J024-J-EBLO-HRN-002M;PCN-J024-J-EBLO-HRN-002M;Priority_5;London;HRN;Westminster;SOLiD;SOLiD HRN;East Tunnel;TFLGB-J024;RAN;Multi Techno;Repeater, Transcoder;Sector 4;;Deployed;;
Capita TfL GB;PCN-J005-LRN-62S;PCN-J005-LRN-62S | Sector 31 | Platform;TFLGB-PCN-J005-LRN-62S;PCN-J005-LRN-62S;Priority_5;London;LRN;North Greenwhich;SOLiD;SOLiD LRN;Platform;TFLGB-J005;RAN;Multi Techno;Repeater, Transcoder;Sector 31;;Deployed;;
Capita TfL GB;PCN-J024-J-WBLO-HRN-001M;PCN-J024-J-WBLO-HRN-001M | Sector 5 | West Tunnel;TFLGB-PCN-J024-J-WBLO-HRN-001M;PCN-J024-J-WBLO-HRN-001M;Priority_5;London;HRN;Westminster;SOLiD;SOLiD HRN;West Tunnel;TFLGB-J024;RAN;Multi Techno;Repeater, Transcoder;Sector 5;;Deployed;;
Capita TfL GB;PCN-J024-J-WBLO-HRN-002S;PCN-J024-J-WBLO-HRN-002S | Sector 5 | West Tunnel;TFLGB-PCN-J024-J-WBLO-HRN-002S;PCN-J024-J-WBLO-HRN-002S;Priority_5;London;HRN;Westminster;SOLiD;SOLiD HRN;West Tunnel;TFLGB-J024;RAN;Multi Techno;Repeater, Transcoder;Sector 5;;Deployed;;
Capita TfL GB;PCN-J005-LRN-36S;PCN-J005-LRN-36S | Sector 32 | Ticket Hall_Escalator;TFLGB-PCN-J005-LRN-36S;PCN-J005-LRN-36S;Priority_5;London;LRN;North Greenwhich;SOLiD;SOLiD LRN;Ticket Hall_Escalator;TFLGB-J005;RAN;Multi Techno;Repeater, Transcoder;Sector 32;;Deployed;;
Capita TfL GB;PCN-J013-HCU-ZDC6-S;PCN-J013-HCU-ZDC6-S | Sector 12 | Ticket Hall_Escalator;TFLGB-PCN-J013-HCU-ZDC6-S;PCN-J013-HCU-ZDC6-S;Priority_5;London;HCU;Southwark;SOLiD;SOLiD HCU;Ticket Hall_Escalator;TFLGB-J013;RAN;Multi Techno;Repeater, Transcoder;Sector 12;;Deployed;;
Capita TfL GB;PCN-N115-HCU-ZDC8-M1;PCN-N115-HCU-ZDC8-M1 | Sector 6 | Platform 5;TFLGB-PCN-N115-HCU-ZDC8-M1;PCN-N115-HCU-ZDC8-M1;Priority_5;London;HCU;Waterloo;SOLiD;SOLiD HCU;Platform 5;TFLGB-N115;RAN;Multi Techno;Repeater, Transcoder;Sector 6;;Deployed;;
Capita TfL GB;PCN-J013-LRN-37M;PCN-J013-LRN-37M | Sector 12 | Ticket Hall_Escalator;TFLGB-PCN-J013-LRN-37M;PCN-J013-LRN-37M;Priority_5;London;LRN;Southwark;SOLiD;SOLiD LRN;Ticket Hall_Escalator;TFLGB-J013;RAN;Multi Techno;Repeater, Transcoder;Sector 12;;Deployed;;
Capita TfL GB;PCN-J013-LRN-51S;PCN-J013-LRN-51S | Sector 11 | Platform 2;TFLGB-PCN-J013-LRN-51S;PCN-J013-LRN-51S;Priority_5;London;LRN;Southwark;SOLiD;SOLiD LRN;Platform 2;TFLGB-J013;RAN;Multi Techno;Repeater, Transcoder;Sector 11;;Deployed;;
Capita TfL GB;PCN-J013-HCU-SBDC1-S;PCN-J013-HCU-SBDC1-S | Sector 12 | Ticket Hall_Escalator;TFLGB-PCN-J013-HCU-SBDC1-S;PCN-J013-HCU-SBDC1-S;Priority_5;London;HCU;Southwark;SOLiD;SOLiD HCU;Ticket Hall_Escalator;TFLGB-J013;RAN;Multi Techno;Repeater, Transcoder;Sector 12;;Deployed;;
Capita TfL GB;PCN-J014-J-EBLO-HRN-002S;PCN-J014-J-EBLO-HRN-002S | Sector 25 | East Tunnel;TFLGB-PCN-J014-J-EBLO-HRN-002S;PCN-J014-J-EBLO-HRN-002S;Priority_5;London;HRN;Bermondsey;SOLiD;SOLiD HRN;East Tunnel;TFLGB-J014;RAN;Multi Techno;Repeater, Transcoder;Sector 25;;Deployed;;
Capita TfL GB;PCN-J016-J-WBLO-HRN-001M;PCN-J016-J-WBLO-HRN-001M | Sector 21 | West Tunnel;TFLGB-PCN-J016-J-WBLO-HRN-001M;PCN-J016-J-WBLO-HRN-001M;Priority_5;London;HRN;London Bridge;SOLiD;SOLiD HRN;West Tunnel;TFLGB-J016;RAN;Multi Techno;Repeater, Transcoder;Sector 21;;Deployed;;
Capita TfL GB;PCN-J013-HCU-SBDC1-M;PCN-J013-HCU-SBDC1-M | Sector 12 | Ticket Hall_Escalator;TFLGB-PCN-J013-HCU-SBDC1-M;PCN-J013-HCU-SBDC1-M;Priority_5;London;HCU;Southwark;SOLiD;SOLiD HCU;Ticket Hall_Escalator;TFLGB-J013;RAN;Multi Techno;Repeater, Transcoder;Sector 12;;Deployed;;
Capita TfL GB;PCN-D101-LRN-3M;PCN-D101-LRN-3M | Sector 3 | Ticket Hall_Escalator;TFLGB-PCN-D101-LRN-3M;PCN-D101-LRN-3M;Priority_5;London;LRN;Westminster;SOLiD;SOLiD LRN;Ticket Hall_Escalator;TFLGB-D101;RAN;Multi Techno;Repeater, Transcoder;Sector 3;;Deployed;;
Capita TfL GB;PCN-J013-LRN-37S;PCN-J013-LRN-37S | Sector 12 | Ticket Hall_Escalator;TFLGB-PCN-J013-LRN-37S;PCN-J013-LRN-37S;Priority_5;London;LRN;Southwark;SOLiD;SOLiD LRN;Ticket Hall_Escalator;TFLGB-J013;RAN;Multi Techno;Repeater, Transcoder;Sector 12;;Deployed;;
Capita TfL GB;PCN-D101-HCU-ZDC4-S;PCN-D101-HCU-ZDC4-S | Sector 3 | Ticket Hall_Escalator;TFLGB-PCN-D101-HCU-ZDC4-S;PCN-D101-HCU-ZDC4-S;Priority_5;London;HCU;Westminster;SOLiD;SOLiD HCU;Ticket Hall_Escalator;TFLGB-D101;RAN;Multi Techno;Repeater, Transcoder;Sector 3;;Deployed;;
Capita TfL GB;PCN-J009-HCU-ZDC11-S;PCN-J009-HCU-ZDC11-S | Sector 23 | Platform 1;TFLGB-PCN-J009-HCU-ZDC11-S;PCN-J009-HCU-ZDC11-S;Priority_5;London;HCU;Canada Water;SOLiD;SOLiD HCU;Platform 1;TFLGB-J009;RAN;Multi Techno;Repeater, Transcoder;Sector 23;;Deployed;;
Capita TfL GB;PCN-J005-LRN-37M;PCN-J005-LRN-37M | Sector 32 | Ticket Hall_Escalator;TFLGB-PCN-J005-LRN-37M;PCN-J005-LRN-37M;Priority_5;London;LRN;North Greenwhich;SOLiD;SOLiD LRN;Ticket Hall_Escalator;TFLGB-J005;RAN;Multi Techno;Repeater, Transcoder;Sector 32;;Deployed;;
Capita TfL GB;PCN-D101-LRN-46S;PCN-D101-LRN-46S | Sector 1 | Platform 3;TFLGB-PCN-D101-LRN-46S;PCN-D101-LRN-46S;Priority_5;London;LRN;Westminster;SOLiD;SOLiD LRN;Platform 3;TFLGB-D101;RAN;Multi Techno;Repeater, Transcoder;Sector 1;;Deployed;;
Capita TfL GB;PCN-D101-LRN-69S;PCN-D101-LRN-69S | Sector 3 | Ticket Hall_Escalator;TFLGB-PCN-D101-LRN-69S;PCN-D101-LRN-69S;Priority_5;London;LRN;Westminster;SOLiD;SOLiD LRN;Ticket Hall_Escalator;TFLGB-D101;RAN;Multi Techno;Repeater, Transcoder;Sector 3;;Deployed;;
Capita TfL GB;PCN-D101-LRN-59S;PCN-D101-LRN-59S | Sector 2 | Platform 4;TFLGB-PCN-D101-LRN-59S;PCN-D101-LRN-59S;Priority_5;London;LRN;Westminster;SOLiD;SOLiD LRN;Platform 4;TFLGB-D101;RAN;Multi Techno;Repeater, Transcoder;Sector 2;;Deployed;;
Capita TfL GB;PCN-J007-LRN-45M;PCN-J007-LRN-45M | Sector 28 | Ticket Hall_Escalator;TFLGB-PCN-J007-LRN-45M;PCN-J007-LRN-45M;Priority_5;London;LRN;Canary Wharf;SOLiD;SOLiD LRN;Ticket Hall_Escalator;TFLGB-J007;RAN;Multi Techno;Repeater, Transcoder;Sector 28;;Deployed;;
Capita TfL GB;PCN-N115-HCU-ZDC8-M2;PCN-N115-HCU-ZDC8-M2 | Sector 7 | Platform 6;TFLGB-PCN-N115-HCU-ZDC8-M2;PCN-N115-HCU-ZDC8-M2;Priority_5;London;HCU;Waterloo;SOLiD;SOLiD HCU;Platform 6;TFLGB-N115;RAN;Multi Techno;Repeater, Transcoder;Sector 7;;Deployed;;
Capita TfL GB;PCN-J016-J-EBLO-HRN-003S;PCN-J016-J-EBLO-HRN-003S | Sector 19 | East Tunnel;TFLGB-PCN-J016-J-EBLO-HRN-003S;PCN-J016-J-EBLO-HRN-003S;Priority_5;London;HRN;London Bridge;SOLiD;SOLiD HRN;East Tunnel;TFLGB-J016;RAN;Multi Techno;Repeater, Transcoder;Sector 19;;Deployed;;
Capita TfL GB;PCN-D101-HCU-ZDC13-S;PCN-D101-HCU-ZDC13-S | Sector 3 | Ticket Hall_Escalator;TFLGB-PCN-D101-HCU-ZDC13-S;PCN-D101-HCU-ZDC13-S;Priority_5;London;HCU;Westminster;SOLiD;SOLiD HCU;Ticket Hall_Escalator;TFLGB-D101;RAN;Multi Techno;Repeater, Transcoder;Sector 3;;Deployed;;
Capita TfL GB;PCN-J013-LRN-5M;PCN-J013-LRN-5M | Sector 12 | Ticket Hall_Escalator;TFLGB-PCN-J013-LRN-5M;PCN-J013-LRN-5M;Priority_5;London;LRN;Southwark;SOLiD;SOLiD LRN;Ticket Hall_Escalator;TFLGB-J013;RAN;Multi Techno;Repeater, Transcoder;Sector 12;;Deployed;;
Capita TfL GB;PCN-N135-LRN-77S;PCN-N135-LRN-77S | Sector 15 | Platform 3;TFLGB-PCN-N135-LRN-77S;PCN-N135-LRN-77S;Priority_5;London;LRN;London Bridge;SOLiD;SOLiD LRN;Platform 3;TFLGB-N135;RAN;Multi Techno;Repeater, Transcoder;Sector 15;;Deployed;;
Capita TfL GB;PCN-J013-LRN-52M;PCN-J013-LRN-52M | Sector 10 | Platform 1;TFLGB-PCN-J013-LRN-52M;PCN-J013-LRN-52M;Priority_5;London;LRN;Southwark;SOLiD;SOLiD LRN;Platform 1;TFLGB-J013;RAN;Multi Techno;Repeater, Transcoder;Sector 10;;Deployed;;
Capita TfL GB;PCN-D101-LRN-8S;PCN-D101-LRN-8S | Sector 3 | Ticket Hall_Escalator;TFLGB-PCN-D101-LRN-8S;PCN-D101-LRN-8S;Priority_5;London;LRN;Westminster;SOLiD;SOLiD LRN;Ticket Hall_Escalator;TFLGB-D101;RAN;Multi Techno;Repeater, Transcoder;Sector 3;;Deployed;;
Capita TfL GB;PCN-J011-LRN-53S;PCN-J011-LRN-53S | Sector 20 | Platform 1;TFLGB-PCN-J011-LRN-53S;PCN-J011-LRN-53S;Priority_5;London;LRN;Bermondsey;SOLiD;SOLiD LRN;Platform 1;TFLGB-J011;RAN;Multi Techno;Repeater, Transcoder;Sector 20;;Deployed;;
Capita TfL GB;PCN-J014-J-EBLO-HRN-001S;PCN-J014-J-EBLO-HRN-001S | Sector 19 | East Tunnel;TFLGB-PCN-J014-J-EBLO-HRN-001S;PCN-J014-J-EBLO-HRN-001S;Priority_5;London;HRN;Bermondsey;SOLiD;SOLiD HRN;East Tunnel;TFLGB-J014;RAN;Multi Techno;Repeater, Transcoder;Sector 19;;Deployed;;
Capita TfL GB;PCN-J013-LRN-50M;PCN-J013-LRN-50M | Sector 11 | Platform 2;TFLGB-PCN-J013-LRN-50M;PCN-J013-LRN-50M;Priority_5;London;LRN;Southwark;SOLiD;SOLiD LRN;Platform 2;TFLGB-J013;RAN;Multi Techno;Repeater, Transcoder;Sector 11;;Deployed;;
Capita TfL GB;PCN-J009-LRN-67M;PCN-J009-LRN-67M | Sector 23 | Platform 1;TFLGB-PCN-J009-LRN-67M;PCN-J009-LRN-67M;Priority_5;London;LRN;Canada Water;SOLiD;SOLiD LRN;Platform 1;TFLGB-J009;RAN;Multi Techno;Repeater, Transcoder;Sector 23;;Deployed;;
Capita TfL GB;PCN-D101-LRN-62S;PCN-D101-LRN-62S | Sector 2 | Platform 4;TFLGB-PCN-D101-LRN-62S;PCN-D101-LRN-62S;Priority_5;London;LRN;Westminster;SOLiD;SOLiD LRN;Platform 4;TFLGB-D101;RAN;Multi Techno;Repeater, Transcoder;Sector 2;;Deployed;;
Capita TfL GB;PCN-J018-J-EBLO-HRN-002S;PCN-J018-J-EBLO-HRN-002S | Sector 18 | East Tunnel;TFLGB-PCN-J018-J-EBLO-HRN-002S;PCN-J018-J-EBLO-HRN-002S;Priority_5;London;HRN;Southwark;SOLiD;SOLiD HRN;East Tunnel;TFLGB-J018;RAN;Multi Techno;Repeater, Transcoder;Sector 18;;Deployed;;
Capita TfL GB;PCN-J009-DAS33;PCN-J009-DAS33 | Sector 33 | BTS Hotel;TFLGB-PCN-J009-DAS33;PCN-J009-DAS33;Priority_1;London;DAU;Canada Water;SOLiD;SOLiD DAU;BTS Hotel;TFLGB-J009;RAN;Multi Techno;Repeater, Transcoder;Sector 33;;Deployed;;
Capita TfL GB;PCN-J008-J-EBLO-HRN-002M;PCN-J008-J-EBLO-HRN-002M | Sector 26 | East Tunnel;TFLGB-PCN-J008-J-EBLO-HRN-002M;PCN-J008-J-EBLO-HRN-002M;Priority_5;London;HRN;Canary Wharf;SOLiD;SOLiD HRN;East Tunnel;TFLGB-J008;RAN;Multi Techno;Repeater, Transcoder;Sector 26;;Deployed;;
Capita TfL GB;PCN-J007-LRN-15M;PCN-J007-LRN-15M | Sector 27 | Platform 1;TFLGB-PCN-J007-LRN-15M;PCN-J007-LRN-15M;Priority_5;London;LRN;Canary Wharf;SOLiD;SOLiD LRN;Platform 1;TFLGB-J007;RAN;Multi Techno;Repeater, Transcoder;Sector 27;;Deployed;;
Capita TfL GB;PCN-J006-J-WBLO-HRN-001S;PCN-J006-J-WBLO-HRN-001S | Sector 33 | West Tunnel;TFLGB-PCN-J006-J-WBLO-HRN-001S;PCN-J006-J-WBLO-HRN-001S;Priority_5;London;HRN;North Greenwhich;SOLiD;SOLiD HRN;West Tunnel;TFLGB-J006;RAN;Multi Techno;Repeater, Transcoder;Sector 33;;Deployed;;
Capita TfL GB;PCN-J009-DAS5;PCN-J009-DAS5 | Sector 5 | BTS Hotel;TFLGB-PCN-J009-DAS5;PCN-J009-DAS5;Priority_1;London;DAU;Canada Water;SOLiD;SOLiD DAU;BTS Hotel;TFLGB-J009;RAN;Multi Techno;Repeater, Transcoder;Sector 5;;Deployed;;
Capita TfL GB;PCN-J008-J-WBLO-HRN-003M;PCN-J008-J-WBLO-HRN-003M | Sector 29 | West Tunnel;TFLGB-PCN-J008-J-WBLO-HRN-003M;PCN-J008-J-WBLO-HRN-003M;Priority_5;London;HRN;Canary Wharf;SOLiD;SOLiD HRN;West Tunnel;TFLGB-J008;RAN;Multi Techno;Repeater, Transcoder;Sector 29;;Deployed;;
Capita TfL GB;PCN-J005-HCU-ZDC14-M;PCN-J005-HCU-ZDC14-M | Sector 32 | Ticket Hall_Escalator;TFLGB-PCN-J005-HCU-ZDC14-M;PCN-J005-HCU-ZDC14-M;Priority_5;London;HCU;North Greenwhich;SOLiD;SOLiD HCU;Ticket Hall_Escalator;TFLGB-J005;RAN;Multi Techno;Repeater, Transcoder;Sector 32;;Deployed;;
Capita TfL GB;PCN-N115-HCU-ZDC11-M2;PCN-N115-HCU-ZDC11-M2 | Sector 7 | Platform 6;TFLGB-PCN-N115-HCU-ZDC11-M2;PCN-N115-HCU-ZDC11-M2;Priority_5;London;HCU;Waterloo;SOLiD;SOLiD HCU;Platform 6;TFLGB-N115;RAN;Multi Techno;Repeater, Transcoder;Sector 7;;Deployed;;
Capita TfL GB;PCN-J013-LRN-53M;PCN-J013-LRN-53M | Sector 10 | Platform 1;TFLGB-PCN-J013-LRN-53M;PCN-J013-LRN-53M;Priority_5;London;LRN;Southwark;SOLiD;SOLiD LRN;Platform 1;TFLGB-J013;RAN;Multi Techno;Repeater, Transcoder;Sector 10;;Deployed;;
Capita TfL GB;PCN-J005-LRN-63S;PCN-J005-LRN-63S | Sector 31 | Platform;TFLGB-PCN-J005-LRN-63S;PCN-J005-LRN-63S;Priority_5;London;LRN;North Greenwhich;SOLiD;SOLiD LRN;Platform;TFLGB-J005;RAN;Multi Techno;Repeater, Transcoder;Sector 31;;Deployed;;
Capita TfL GB;PCN-J007-LRN-17M;PCN-J007-LRN-17M | Sector 27 | Platform 1;TFLGB-PCN-J007-LRN-17M;PCN-J007-LRN-17M;Priority_5;London;LRN;Canary Wharf;SOLiD;SOLiD LRN;Platform 1;TFLGB-J007;RAN;Multi Techno;Repeater, Transcoder;Sector 27;;Deployed;;
Capita TfL GB;PCN-N115-HCU-ZDC11-M1;PCN-N115-HCU-ZDC11-M1 | Sector 6 | Platform 5;TFLGB-PCN-N115-HCU-ZDC11-M1;PCN-N115-HCU-ZDC11-M1;Priority_5;London;HCU;Waterloo;SOLiD;SOLiD HCU;Platform 5;TFLGB-N115;RAN;Multi Techno;Repeater, Transcoder;Sector 6;;Deployed;;
Capita TfL GB;PCN-J007-HCU-ZDC13-M;PCN-J007-HCU-ZDC13-M | Sector 28 | Ticket Hall_Escalator;TFLGB-PCN-J007-HCU-ZDC13-M;PCN-J007-HCU-ZDC13-M;Priority_5;London;HCU;Canary Wharf;SOLiD;SOLiD HCU;Ticket Hall_Escalator;TFLGB-J007;RAN;Multi Techno;Repeater, Transcoder;Sector 28;;Deployed;;
Capita TfL GB;PCN-D101-LRN-8M;PCN-D101-LRN-8M | Sector 3 | Ticket Hall_Escalator;TFLGB-PCN-D101-LRN-8M;PCN-D101-LRN-8M;Priority_5;London;LRN;Westminster;SOLiD;SOLiD LRN;Ticket Hall_Escalator;TFLGB-D101;RAN;Multi Techno;Repeater, Transcoder;Sector 3;;Deployed;;
Capita TfL GB;PCN-J018-J-WBLO-HRN-002M;PCN-J018-J-WBLO-HRN-002M | Sector 13 | West Tunnel;TFLGB-PCN-J018-J-WBLO-HRN-002M;PCN-J018-J-WBLO-HRN-002M;Priority_5;London;HRN;Southwark;SOLiD;SOLiD HRN;West Tunnel;TFLGB-J018;RAN;Multi Techno;Repeater, Transcoder;Sector 13;;Deployed;;
Capita TfL GB;PCN-N115-HCU-ZDC8-S2;PCN-N115-HCU-ZDC8-S2 | Sector 7 | Platform 6;TFLGB-PCN-N115-HCU-ZDC8-S2;PCN-N115-HCU-ZDC8-S2;Priority_5;London;HCU;Waterloo;SOLiD;SOLiD HCU;Platform 6;TFLGB-N115;RAN;Multi Techno;Repeater, Transcoder;Sector 7;;Deployed;;
Capita TfL GB;PCN-J013-LRN-53S;PCN-J013-LRN-53S | Sector 10 | Platform 1;TFLGB-PCN-J013-LRN-53S;PCN-J013-LRN-53S;Priority_5;London;LRN;Southwark;SOLiD;SOLiD LRN;Platform 1;TFLGB-J013;RAN;Multi Techno;Repeater, Transcoder;Sector 10;;Deployed;;
Capita TfL GB;PCN-J009-DAS9;PCN-J009-DAS9 | Sector 9 | BTS Hotel;TFLGB-PCN-J009-DAS9;PCN-J009-DAS9;Priority_1;London;DAU;Canada Water;SOLiD;SOLiD DAU;BTS Hotel;TFLGB-J009;RAN;Multi Techno;Repeater, Transcoder;Sector 9;;Deployed;;
Capita TfL GB;PCN-J009-DAS20;PCN-J009-DAS20 | Sector 20 | BTS Hotel;TFLGB-PCN-J009-DAS20;PCN-J009-DAS20;Priority_1;London;DAU;Canada Water;SOLiD;SOLiD DAU;;TFLGB-J009;RAN;Multi Techno;Repeater, Transcoder;Sector 20;;Deployed;;
Capita TfL GB;PCN-J009-DAS26;PCN-J009-DAS26 | Sector 26 | BTS Hotel;TFLGB-PCN-J009-DAS26;PCN-J009-DAS26;Priority_1;London;DAU;Canada Water;SOLiD;SOLiD DAU;BTS Hotel;TFLGB-J009;RAN;Multi Techno;Repeater, Transcoder;Sector 26;;Deployed;;
Capita TfL GB;PCN-J011-LRN-19M;PCN-J011-LRN-19M | Sector 20 | Platform 1;TFLGB-PCN-J011-LRN-19M;PCN-J011-LRN-19M;Priority_5;London;LRN;Bermondsey;SOLiD;SOLiD LRN;Platform 1;TFLGB-J011;RAN;Multi Techno;Repeater, Transcoder;Sector 20;;Deployed;;
Capita TfL GB;PCN-J008-J-EBLO-HRN-001S;PCN-J008-J-EBLO-HRN-001S | Sector 26 | East Tunnel;TFLGB-PCN-J008-J-EBLO-HRN-001S;PCN-J008-J-EBLO-HRN-001S;Priority_5;London;HRN;Canary Wharf;SOLiD;SOLiD HRN;East Tunnel;TFLGB-J008;RAN;Multi Techno;Repeater, Transcoder;Sector 26;;Deployed;;
Capita TfL GB;PCN-J011-HCU-ZDC2-S;PCN-J011-HCU-ZDC2-S | Sector 20 | Platform 1;TFLGB-PCN-J011-HCU-ZDC2-S;PCN-J011-HCU-ZDC2-S;Priority_5;London;HCU;Bermondsey;SOLiD;SOLiD HCU;Platform 1;TFLGB-J011;RAN;Multi Techno;Repeater, Transcoder;Sector 20;;Deployed;;
Capita TfL GB;PCN-D101-LRN-44S;PCN-D101-LRN-44S | Sector 1 | Platform 3;TFLGB-PCN-D101-LRN-44S;PCN-D101-LRN-44S;Priority_5;London;LRN;Westminster;SOLiD;SOLiD LRN;Platform 3;TFLGB-D101;RAN;Multi Techno;Repeater, Transcoder;Sector 1;;Deployed;;
Capita TfL GB;PCN-D101-LRN-3S;PCN-D101-LRN-3S | Sector 3 | Ticket Hall_Escalator;TFLGB-PCN-D101-LRN-3S;PCN-D101-LRN-3S;Priority_5;London;LRN;Westminster;SOLiD;SOLiD LRN;Ticket Hall_Escalator;TFLGB-D101;RAN;Multi Techno;Repeater, Transcoder;Sector 3;;Deployed;;
Capita TfL GB;PCN-J009-LRN-69M;PCN-J009-LRN-69M | Sector 23 | Platform 1;TFLGB-PCN-J009-LRN-69M;PCN-J009-LRN-69M;Priority_5;London;LRN;Canada Water;SOLiD;SOLiD LRN;Platform 1;TFLGB-J009;RAN;Multi Techno;Repeater, Transcoder;Sector 23;;Deployed;;
Capita TfL GB;PCN-J012-J-WBLO-HRN-001M;PCN-J012-J-WBLO-HRN-001M | Sector 29 | West Tunnel;TFLGB-PCN-J012-J-WBLO-HRN-001M;PCN-J012-J-WBLO-HRN-001M;Priority_5;London;HRN;Canada Water;SOLiD;SOLiD HRN;West Tunnel;TFLGB-J012;RAN;Multi Techno;Repeater, Transcoder;Sector 29;;Deployed;;
Capita TfL GB;PCN-J009-HCU-ZDC6-M;PCN-J009-HCU-ZDC6-M | Sector 24 | Ticket Hall_Escalator;TFLGB-PCN-J009-HCU-ZDC6-M;PCN-J009-HCU-ZDC6-M;Priority_5;London;HCU;Canada Water;SOLiD;SOLiD HCU;Ticket Hall_Escalator;TFLGB-J009;RAN;Multi Techno;Repeater, Transcoder;Sector 24;;Deployed;;
Capita TfL GB;PCN-N115-HCU-ZDC8-S1;PCN-N115-HCU-ZDC8-S1 | Sector 6 | Platform 5;TFLGB-PCN-N115-HCU-ZDC8-S1;PCN-N115-HCU-ZDC8-S1;Priority_5;London;HCU;Waterloo;SOLiD;SOLiD HCU;Platform 5;TFLGB-N115;RAN;Multi Techno;Repeater, Transcoder;Sector 6;;Deployed;;
Capita TfL GB;PCN-J008-J-WBLO-HRN-002S;PCN-J008-J-WBLO-HRN-002S | Sector 29 | West Tunnel;TFLGB-PCN-J008-J-WBLO-HRN-002S;PCN-J008-J-WBLO-HRN-002S;Priority_5;London;HRN;Canary Wharf;SOLiD;SOLiD HRN;West Tunnel;TFLGB-J008;RAN;Multi Techno;Repeater, Transcoder;Sector 29;;Deployed;;
Capita TfL GB;PCN-J008-J-WBLO-HRN-003S;PCN-J008-J-WBLO-HRN-003S | Sector 29 | West Tunnel;TFLGB-PCN-J008-J-WBLO-HRN-003S;PCN-J008-J-WBLO-HRN-003S;Priority_5;London;HRN;Canary Wharf;SOLiD;SOLiD HRN;West Tunnel;TFLGB-J008;RAN;Multi Techno;Repeater, Transcoder;Sector 29;;Deployed;;
Capita TfL GB;PCN-J013-HCU-ZDC6-M;PCN-J013-HCU-ZDC6-M | Sector 12 | Ticket Hall_Escalator;TFLGB-PCN-J013-HCU-ZDC6-M;PCN-J013-HCU-ZDC6-M;Priority_5;London;HCU;Southwark;SOLiD;SOLiD HCU;Ticket Hall_Escalator;TFLGB-J013;RAN;Multi Techno;Repeater, Transcoder;Sector 12;;Deployed;;
Capita TfL GB;PCN-J007-HCU-SBDC1-M;PCN-J007-HCU-SBDC1-M | Sector 28 | Ticket Hall_Escalator;TFLGB-PCN-J007-HCU-SBDC1-M;PCN-J007-HCU-SBDC1-M;Priority_5;London;HCU;Canary Wharf;SOLiD;SOLiD HCU;Ticket Hall_Escalator;TFLGB-J007;RAN;Multi Techno;Repeater, Transcoder;Sector 28;;Deployed;;
Capita TfL GB;PCN-J006-J-WBLO-HRN-002M;PCN-J006-J-WBLO-HRN-002M | Sector 33 | West Tunnel;TFLGB-PCN-J006-J-WBLO-HRN-002M;PCN-J006-J-WBLO-HRN-002M;Priority_5;London;HRN;North Greenwhich;SOLiD;SOLiD HRN;West Tunnel;TFLGB-J006;RAN;Multi Techno;Repeater, Transcoder;Sector 33;;Deployed;;
Capita TfL GB;PCN-J018-J-WBLO-HRN-001S;PCN-J018-J-WBLO-HRN-001S | Sector 14 | West Tunnel;TFLGB-PCN-J018-J-WBLO-HRN-001S;PCN-J018-J-WBLO-HRN-001S;Priority_5;London;HRN;Southwark;SOLiD;SOLiD HRN;West Tunnel;TFLGB-J018;RAN;Multi Techno;Repeater, Transcoder;Sector 14;;Deployed;;
Capita TfL GB;PCN-J009-HCU-SBDC1-M;PCN-J009-HCU-SBDC1-M | Sector 24 | Ticket Hall_Escalator;TFLGB-PCN-J009-HCU-SBDC1-M;PCN-J009-HCU-SBDC1-M;Priority_5;London;HCU;Canada Water;SOLiD;SOLiD HCU;Ticket Hall_Escalator;TFLGB-J009;RAN;Multi Techno;Repeater, Transcoder;Sector 24;;Deployed;;
Capita TfL GB;PCN-J013-LRN-25S;PCN-J013-LRN-25S | Sector 12 | Ticket Hall_Escalator;TFLGB-PCN-J013-LRN-25S;PCN-J013-LRN-25S;Priority_5;London;LRN;Southwark;SOLiD;SOLiD LRN;Ticket Hall_Escalator;TFLGB-J013;RAN;Multi Techno;Repeater, Transcoder;Sector 12;;Deployed;;
Capita TfL GB;PCN-N135-HCU-ZDC13-S2;PCN-N135-HCU-ZDC13-S2 | Sector 15 | Platform 3;TFLGB-PCN-N135-HCU-ZDC13-S2;PCN-N135-HCU-ZDC13-S2;Priority_5;London;HCU;London Bridge;SOLiD;SOLiD HCU;Platform 3;TFLGB-N135;RAN;Multi Techno;Repeater, Transcoder;Sector 15;;Deployed;;
Capita TfL GB;PCN-J009-DAS6;PCN-J009-DAS6 | Sector 6 | BTS Hotel;TFLGB-PCN-J009-DAS6;PCN-J009-DAS6;Priority_1;London;DAU;Canada Water;SOLiD;SOLiD DAU;BTS Hotel;TFLGB-J009;RAN;Multi Techno;Repeater, Transcoder;Sector 6;;Deployed;;
Capita TfL GB;PCN-J009-DAS32;PCN-J009-DAS32 | Sector 32 | BTS Hotel;TFLGB-PCN-J009-DAS32;PCN-J009-DAS32;Priority_1;London;DAU;Canada Water;SOLiD;SOLiD DAU;BTS Hotel;TFLGB-J009;RAN;Multi Techno;Repeater, Transcoder;Sector 32;;Deployed;;
Capita TfL GB;PCN-D101-LRN-33M;PCN-D101-LRN-33M | Sector 3 | Ticket Hall_Escalator;TFLGB-PCN-D101-LRN-33M;PCN-D101-LRN-33M;Priority_5;London;LRN;Westminster;SOLiD;SOLiD LRN;Ticket Hall_Escalator;TFLGB-D101;RAN;Multi Techno;Repeater, Transcoder;Sector 3;;Deployed;;
Capita TfL GB;PCN-J005-LRN-61M;PCN-J005-LRN-61M | Sector 31 | Platform;TFLGB-PCN-J005-LRN-61M;PCN-J005-LRN-61M;Priority_5;London;LRN;North Greenwhich;SOLiD;SOLiD LRN;Platform;TFLGB-J005;RAN;Multi Techno;Repeater, Transcoder;Sector 31;;Deployed;;
Capita TfL GB;PCN-J005-LRN-62M;PCN-J005-LRN-62M | Sector 31 | Platform;TFLGB-PCN-J005-LRN-62M;PCN-J005-LRN-62M;Priority_5;London;LRN;North Greenwhich;SOLiD;SOLiD LRN;Platform;TFLGB-J005;RAN;Multi Techno;Repeater, Transcoder;Sector 31;;Deployed;;
Capita TfL GB;PCN-J013-HCU-ZDC5-M;PCN-J013-HCU-ZDC5-M | Sector 12 | Ticket Hall_Escalator;TFLGB-PCN-J013-HCU-ZDC5-M;PCN-J013-HCU-ZDC5-M;Priority_5;London;HCU;Southwark;SOLiD;SOLiD HCU;Ticket Hall_Escalator;TFLGB-J013;RAN;Multi Techno;Repeater, Transcoder;Sector 12;;Deployed;;
Capita TfL GB;PCN-J005-LRN-34M;PCN-J005-LRN-34M | Sector 32 | Ticket Hall_Escalator;TFLGB-PCN-J005-LRN-34M;PCN-J005-LRN-34M;Priority_5;London;LRN;North Greenwhich;SOLiD;SOLiD LRN;Ticket Hall_Escalator;TFLGB-J005;RAN;Multi Techno;Repeater, Transcoder;Sector 32;;Deployed;;
Capita TfL GB;PCN-J022-J-WBLO-HRN-001M;PCN-J022-J-WBLO-HRN-001M | Sector 13 | West Tunnel;TFLGB-PCN-J022-J-WBLO-HRN-001M;PCN-J022-J-WBLO-HRN-001M;Priority_5;London;HRN;Waterloo;SOLiD;SOLiD HRN;West Tunnel;TFLGB-J022;RAN;Multi Techno;Repeater, Transcoder;Sector 13;;Deployed;;
Capita TfL GB;PCN-J005-HCU-ZDC5-M;PCN-J005-HCU-ZDC5-M | Sector 32 | Ticket Hall_Escalator;TFLGB-PCN-J005-HCU-ZDC5-M;PCN-J005-HCU-ZDC5-M;Priority_5;London;HCU;North Greenwhich;SOLiD;SOLiD HCU;Ticket Hall_Escalator;TFLGB-J005;RAN;Multi Techno;Repeater, Transcoder;Sector 32;;Deployed;;
Capita TfL GB;PCN-J014-J-EBLO-HRN-001M;PCN-J014-J-EBLO-HRN-001M | Sector 19 | East Tunnel;TFLGB-PCN-J014-J-EBLO-HRN-001M;PCN-J014-J-EBLO-HRN-001M;Priority_5;London;HRN;Bermondsey;SOLiD;SOLiD HRN;East Tunnel;TFLGB-J014;RAN;Multi Techno;Repeater, Transcoder;Sector 19;;Deployed;;
Capita TfL GB;PCN-J005-LRN-34S;PCN-J005-LRN-34S | Sector 32 | Ticket Hall_Escalator;TFLGB-PCN-J005-LRN-34S;PCN-J005-LRN-34S;Priority_5;London;LRN;North Greenwhich;SOLiD;SOLiD LRN;Ticket Hall_Escalator;TFLGB-J005;RAN;Multi Techno;Repeater, Transcoder;Sector 32;;Deployed;;
Capita TfL GB;PCN-D101-HCU-ZDC10-S;PCN-D101-HCU-ZDC10-S | Sector 2 | Platform 4;TFLGB-PCN-D101-HCU-ZDC10-S;PCN-D101-HCU-ZDC10-S;Priority_5;London;HCU;Westminster;SOLiD;SOLiD HCU;Platform 4;TFLGB-D101;RAN;Multi Techno;Repeater, Transcoder;Sector 2;;Deployed;;
Capita TfL GB;PCN-J005-HCU-ZDC6-M;PCN-J005-HCU-ZDC6-M | Sector 31 | Platform;TFLGB-PCN-J005-HCU-ZDC6-M;PCN-J005-HCU-ZDC6-M;Priority_5;London;HCU;North Greenwhich;SOLiD;SOLiD HCU;Platform;TFLGB-J005;RAN;Multi Techno;Repeater, Transcoder;Sector 31;;Deployed;;
Capita TfL GB;PCN-J006-J-WBLO-HRN-002S;PCN-J006-J-WBLO-HRN-002S | Sector 33 | West Tunnel;TFLGB-PCN-J006-J-WBLO-HRN-002S;PCN-J006-J-WBLO-HRN-002S;Priority_5;London;HRN;North Greenwhich;SOLiD;SOLiD HRN;West Tunnel;TFLGB-J006;RAN;Multi Techno;Repeater, Transcoder;Sector 33;;Deployed;;
Capita TfL GB;PCN-J013-HCU-ZDC4-S2;PCN-J013-HCU-ZDC4-S2 | Sector 10 | Platform 1;TFLGB-PCN-J013-HCU-ZDC4-S2;PCN-J013-HCU-ZDC4-S2;Priority_5;London;HCU;Southwark;SOLiD;SOLiD HCU;Platform 1;TFLGB-J013;RAN;Multi Techno;Repeater, Transcoder;Sector 10;;Deployed;;
Capita TfL GB;PCN-D101-LRN-60M;PCN-D101-LRN-60M | Sector 2 | Platform 4;TFLGB-PCN-D101-LRN-60M;PCN-D101-LRN-60M;Priority_5;London;LRN;Westminster;SOLiD;SOLiD LRN;Platform 4;TFLGB-D101;RAN;Multi Techno;Repeater, Transcoder;Sector 2;;Deployed;;
Capita TfL GB;PCN-J022-J-EBLO-HRN-001M;PCN-J022-J-EBLO-HRN-001M | Sector 9 | East Tunnel;TFLGB-PCN-J022-J-EBLO-HRN-001M;PCN-J022-J-EBLO-HRN-001M;Priority_5;London;HRN;Waterloo;SOLiD;SOLiD HRN;East Tunnel;TFLGB-J022;RAN;Multi Techno;Repeater, Transcoder;Sector 9;;Deployed;;
Capita TfL GB;PCN-J007-HCU-ZDC11-S;PCN-J007-HCU-ZDC11-S | Sector 27 | Platform 1;TFLGB-PCN-J007-HCU-ZDC11-S;PCN-J007-HCU-ZDC11-S;Priority_5;London;HCU;Canary Wharf;SOLiD;SOLiD HCU;Platform 1;TFLGB-J007;RAN;Multi Techno;Repeater, Transcoder;Sector 27;;Deployed;;
Capita TfL GB;PCN-J007-LRN-19M;PCN-J007-LRN-19M | Sector 27 | Platform 1;TFLGB-PCN-J007-LRN-19M;PCN-J007-LRN-19M;Priority_5;London;LRN;Canary Wharf;SOLiD;SOLiD LRN;Platform 1;TFLGB-J007;RAN;Multi Techno;Repeater, Transcoder;Sector 27;;Deployed;;
Capita TfL GB;PCN-J012-J-WBLO-HRN-002M;PCN-J012-J-WBLO-HRN-002M | Sector 22 | West Tunnel;TFLGB-PCN-J012-J-WBLO-HRN-002M;PCN-J012-J-WBLO-HRN-002M;Priority_5;London;HRN;Canada Water;SOLiD;SOLiD HRN;West Tunnel;TFLGB-J012;RAN;Multi Techno;Repeater, Transcoder;Sector 22;;Deployed;;
Capita TfL GB;PCN-J018-J-EBLO-HRN-002M;PCN-J018-J-EBLO-HRN-002M | Sector 18 | East Tunnel;TFLGB-PCN-J018-J-EBLO-HRN-002M;PCN-J018-J-EBLO-HRN-002M;Priority_5;London;HRN;Southwark;SOLiD;SOLiD HRN;East Tunnel;TFLGB-J018;RAN;Multi Techno;Repeater, Transcoder;Sector 18;;Deployed;;
Capita TfL GB;PCN-J012-J-WBLO-HRN-003M;PCN-J012-J-WBLO-HRN-003M | Sector 22 | West Tunnel;TFLGB-PCN-J012-J-WBLO-HRN-003M;PCN-J012-J-WBLO-HRN-003M;Priority_5;London;HRN;Canada Water;SOLiD;SOLiD HRN;West Tunnel;TFLGB-J012;RAN;Multi Techno;Repeater, Transcoder;Sector 22;;Deployed;;
Capita TfL GB;PCN-J013-HCU-ZDC4-S1;PCN-J013-HCU-ZDC4-S1 | Sector 11 | Platform 2;TFLGB-PCN-J013-HCU-ZDC4-S1;PCN-J013-HCU-ZDC4-S1;Priority_5;London;HCU;Southwark;SOLiD;SOLiD HCU;Platform 2;TFLGB-J013;RAN;Multi Techno;Repeater, Transcoder;Sector 11;;Deployed;;
Capita TfL GB;PCN-J009-DAS23;PCN-J009-DAS23 | Sector 23 | BTS Hotel;TFLGB-PCN-J009-DAS23;PCN-J009-DAS23;Priority_1;London;DAU;Canada Water;SOLiD;SOLiD DAU;BTS Hotel;TFLGB-J009;RAN;Multi Techno;Repeater, Transcoder;Sector 23;;Deployed;;
Capita TfL GB;PCN-J009-DAS2;PCN-J009-DAS2 | Sector 2 | BTS Hotel;TFLGB-PCN-J009-DAS2;PCN-J009-DAS2;Priority_1;London;DAU;Canada Water;SOLiD;SOLiD DAU;BTS Hotel;TFLGB-J009;RAN;Multi Techno;Repeater, Transcoder;Sector 2;;Deployed;;
Capita TfL GB;PCN-J008-J-WBLO-HRN-001S;PCN-J008-J-WBLO-HRN-001S | Sector 30 | West Tunnel;TFLGB-PCN-J008-J-WBLO-HRN-001S;PCN-J008-J-WBLO-HRN-001S;Priority_5;London;HRN;Canary Wharf;SOLiD;SOLiD HRN;West Tunnel;TFLGB-J008;RAN;Multi Techno;Repeater, Transcoder;Sector 30;;Deployed;;
Capita TfL GB;PCN-J007-LRN-18M;PCN-J007-LRN-18M | Sector 27 | Platform 1;TFLGB-PCN-J007-LRN-18M;PCN-J007-LRN-18M;Priority_5;London;LRN;Canary Wharf;SOLiD;SOLiD LRN;Platform 1;TFLGB-J007;RAN;Multi Techno;Repeater, Transcoder;Sector 27;;Deployed;;
Capita TfL GB;PCN-J016-J-EBLO-HRN-002M;PCN-J016-J-EBLO-HRN-002M | Sector 18 | East Tunnel;TFLGB-PCN-J016-J-EBLO-HRN-002M;PCN-J016-J-EBLO-HRN-002M;Priority_5;London;HRN;London Bridge;SOLiD;SOLiD HRN;East Tunnel;TFLGB-J016;RAN;Multi Techno;Repeater, Transcoder;Sector 18;;Deployed;;
Capita TfL GB;PCN-J014-J-WBLO-HRN-001S;PCN-J014-J-WBLO-HRN-001S | Sector 22 | West Tunnel;TFLGB-PCN-J014-J-WBLO-HRN-001S;PCN-J014-J-WBLO-HRN-001S;Priority_5;London;HRN;Bermondsey;SOLiD;SOLiD HRN;West Tunnel;TFLGB-J014;RAN;Multi Techno;Repeater, Transcoder;Sector 22;;Deployed;;
Capita TfL GB;PCN-J009-DMS3000;PCN-J009-DMS3000 | EMS | EMS;TFLGB-PCN-J009-DMS3000;PCN-J009-DMS3000;Priority_1;London;EMS;Canada Water;SOLiD;SOLiD DMS3000;EMS;TFLGB-J009;VAS/NEMS;NEMS;NEMS_MOB;EMS;;Deployed;;
Capita TfL GB;PCN-D101-LRN-59M;PCN-D101-LRN-59M | Sector 2 | Platform 4;TFLGB-PCN-D101-LRN-59M;PCN-D101-LRN-59M;Priority_5;London;LRN;Westminster;SOLiD;SOLiD LRN;Platform 4;TFLGB-D101;RAN;Multi Techno;Repeater, Transcoder;Sector 2;;Deployed;;
Capita TfL GB;PCN-J013-LRN-46S;PCN-J013-LRN-46S | Sector 12 | Ticket Hall_Escalator;TFLGB-PCN-J013-LRN-46S;PCN-J013-LRN-46S;Priority_5;London;LRN;Southwark;SOLiD;SOLiD LRN;Ticket Hall_Escalator;TFLGB-J013;RAN;Multi Techno;Repeater, Transcoder;Sector 12;;Deployed;;
Capita TfL GB;PCN-D101-HCU-ZDC10-M;PCN-D101-HCU-ZDC10-M | Sector 2 | Platform 4;TFLGB-PCN-D101-HCU-ZDC10-M;PCN-D101-HCU-ZDC10-M;Priority_5;London;HCU;Westminster;SOLiD;SOLiD HCU;Platform 4;TFLGB-D101;RAN;Multi Techno;Repeater, Transcoder;Sector 2;;Deployed;;
Capita TfL GB;PCN-D101-LRN-45M;PCN-D101-LRN-45M | Sector 1 | Platform 3;TFLGB-PCN-D101-LRN-45M;PCN-D101-LRN-45M;Priority_5;London;LRN;Westminster;SOLiD;SOLiD LRN;Platform 3;TFLGB-D101;RAN;Multi Techno;Repeater, Transcoder;Sector 1;;Deployed;;
Capita TfL GB;PCN-J018-J-WBLO-HRN-002S;PCN-J018-J-WBLO-HRN-002S | Sector 13 | West Tunnel;TFLGB-PCN-J018-J-WBLO-HRN-002S;PCN-J018-J-WBLO-HRN-002S;Priority_5;London;HRN;Southwark;SOLiD;SOLiD HRN;West Tunnel;TFLGB-J018;RAN;Multi Techno;Repeater, Transcoder;Sector 13;;Deployed;;
Capita TfL GB;PCN-J012-J-WBLO-HRN-002S;PCN-J012-J-WBLO-HRN-002S | Sector 22 | West Tunnel;TFLGB-PCN-J012-J-WBLO-HRN-002S;PCN-J012-J-WBLO-HRN-002S;Priority_5;London;HRN;Canada Water;SOLiD;SOLiD HRN;West Tunnel;TFLGB-J012;RAN;Multi Techno;Repeater, Transcoder;Sector 22;;Deployed;;
Capita TfL GB;PCN-D101-HCU-ZDC2-S;PCN-D101-HCU-ZDC2-S | Sector 3 | Ticket Hall_Escalator;TFLGB-PCN-D101-HCU-ZDC2-S;PCN-D101-HCU-ZDC2-S;Priority_5;London;HCU;Westminster;SOLiD;SOLiD HCU;Ticket Hall_Escalator;TFLGB-D101;RAN;Multi Techno;Repeater, Transcoder;Sector 3;;Deployed;;
Capita TfL GB;PCN-N135-LRN-73M;PCN-N135-LRN-73M | Sector 16 | Platform 4;TFLGB-PCN-N135-LRN-73M;PCN-N135-LRN-73M;Priority_5;London;LRN;London Bridge;SOLiD;SOLiD LRN;Platform 4;TFLGB-N135;RAN;Multi Techno;Repeater, Transcoder;Sector 16;;Deployed;;
Capita TfL GB;PCN-J005-LRN-61S;PCN-J005-LRN-61S | Sector 31 | Platform;TFLGB-PCN-J005-LRN-61S;PCN-J005-LRN-61S;Priority_5;London;LRN;North Greenwhich;SOLiD;SOLiD LRN;Platform;TFLGB-J005;RAN;Multi Techno;Repeater, Transcoder;Sector 31;;Deployed;;
Capita TfL GB;PCN-J024-J-WBLO-HRN-002M;PCN-J024-J-WBLO-HRN-002M | Sector 5 | West Tunnel;TFLGB-PCN-J024-J-WBLO-HRN-002M;PCN-J024-J-WBLO-HRN-002M;Priority_5;London;HRN;Westminster;SOLiD;SOLiD HRN;West Tunnel;TFLGB-J024;RAN;Multi Techno;Repeater, Transcoder;Sector 5;;Deployed;;
Capita TfL GB;PCN-J008-J-EBLO-HRN-003S;PCN-J008-J-EBLO-HRN-003S | Sector 30 | East Tunnel;TFLGB-PCN-J008-J-EBLO-HRN-003S;PCN-J008-J-EBLO-HRN-003S;Priority_5;London;HRN;Canary Wharf;SOLiD;SOLiD HRN;East Tunnel;TFLGB-J008;RAN;Multi Techno;Repeater, Transcoder;Sector 30;;Deployed;;
Capita TfL GB;PCN-J011-LRN-38M;PCN-J011-LRN-38M | Sector 20 | Platform 1;TFLGB-PCN-J011-LRN-38M;PCN-J011-LRN-38M;Priority_5;London;LRN;Bermondsey;SOLiD;SOLiD LRN;Platform 1;TFLGB-J011;RAN;Multi Techno;Repeater, Transcoder;Sector 20;;Deployed;;
Capita TfL GB;PCN-J009-LRN-20S;PCN-J009-LRN-20S | Sector 24 | Ticket Hall_Escalator;TFLGB-PCN-J009-LRN-20S;PCN-J009-LRN-20S;Priority_5;London;LRN;Canada Water;SOLiD;SOLiD LRN;Ticket Hall_Escalator;TFLGB-J009;RAN;Multi Techno;Repeater, Transcoder;Sector 24;;Deployed;;
Capita TfL GB;PCN-D101-HCU-ZDC12-M;PCN-D101-HCU-ZDC12-M | Sector 2 | Platform 4;TFLGB-PCN-D101-HCU-ZDC12-M;PCN-D101-HCU-ZDC12-M;Priority_5;London;HCU;Westminster;SOLiD;SOLiD HCU;Platform 4;TFLGB-D101;RAN;Multi Techno;Repeater, Transcoder;Sector 2;;Deployed;;
Capita TfL GB;PCN-N135-LRN-76M;PCN-N135-LRN-76M | Sector 15 | Platform 3;TFLGB-PCN-N135-LRN-76M;PCN-N135-LRN-76M;Priority_5;London;LRN;London Bridge;SOLiD;SOLiD LRN;Platform 3;TFLGB-N135;RAN;Multi Techno;Repeater, Transcoder;Sector 15;;Deployed;;
Capita TfL GB;PCN-J009-DAS4;PCN-J009-DAS4 | Sector 4 | BTS Hotel;TFLGB-PCN-J009-DAS4;PCN-J009-DAS4;Priority_5;London;DAU;Canada Water;SOLiD;SOLiD DAU;BTS Hotel;TFLGB-J009;RAN;Multi Techno;Repeater, Transcoder;Sector 4;;Deployed;;
Capita TfL GB;PCN-D101-HCU-ZDC12-S;PCN-D101-HCU-ZDC12-S | Sector 2 | Platform 4;TFLGB-PCN-D101-HCU-ZDC12-S;PCN-D101-HCU-ZDC12-S;Priority_5;London;HCU;Westminster;SOLiD;SOLiD HCU;Platform 4;TFLGB-D101;RAN;Multi Techno;Repeater, Transcoder;Sector 2;;Deployed;;
Capita TfL GB;PCN-D101-HCU-ZDC7-M;PCN-D101-HCU-ZDC7-M | Sector 1 | Platform 3;TFLGB-PCN-D101-HCU-ZDC7-M;PCN-D101-HCU-ZDC7-M;Priority_5;London;HCU;Westminster;SOLiD;SOLiD HCU;Platform 3;TFLGB-D101;RAN;Multi Techno;Repeater, Transcoder;Sector 1;;Deployed;;
Capita TfL GB;PCN-J007-LRN-16S;PCN-J007-LRN-16S | Sector 27 | Platform 1;TFLGB-PCN-J007-LRN-16S;PCN-J007-LRN-16S;Priority_5;London;LRN;Canary Wharf;SOLiD;SOLiD LRN;Platform 1;TFLGB-J007;RAN;Multi Techno;Repeater, Transcoder;Sector 27;;Deployed;;
Capita TfL GB;PCN-J007-LRN-16M;PCN-J007-LRN-16M | Sector 27 | Platform 1;TFLGB-PCN-J007-LRN-16M;PCN-J007-LRN-16M;Priority_5;London;LRN;Canary Wharf;SOLiD;SOLiD LRN;Platform 1;TFLGB-J007;RAN;Multi Techno;Repeater, Transcoder;Sector 27;;Deployed;;
Capita TfL GB;PCN-J008-J-WBLO-HRN-002M;PCN-J008-J-WBLO-HRN-002M | Sector 29 | West Tunnel;TFLGB-PCN-J008-J-WBLO-HRN-002M;PCN-J008-J-WBLO-HRN-002M;Priority_5;London;HRN;Canary Wharf;SOLiD;SOLiD HRN;West Tunnel;TFLGB-J008;RAN;Multi Techno;Repeater, Transcoder;Sector 29;;Deployed;;
Capita TfL GB;PCN-J011-HCU-ZDC7-S;PCN-J011-HCU-ZDC7-S | Sector 20 | Platform 1;TFLGB-PCN-J011-HCU-ZDC7-S;PCN-J011-HCU-ZDC7-S;Priority_5;London;HCU;Bermondsey;SOLiD;SOLiD HCU;Platform 1;TFLGB-J011;RAN;Multi Techno;Repeater, Transcoder;Sector 20;;Deployed;;
Capita TfL GB;PCN-J006-J-EBLO-HRN-002S;PCN-J006-J-EBLO-HRN-002S | Sector 33 | East Tunnel;TFLGB-PCN-J006-J-EBLO-HRN-002S;PCN-J006-J-EBLO-HRN-002S;Priority_5;London;HRN;North Greenwhich;SOLiD;SOLiD HRN;East Tunnel;TFLGB-J006;RAN;Multi Techno;Repeater, Transcoder;Sector 33;;Deployed;;
Capita TfL GB;PCN-N135-HCU-SBDC-M1;PCN-N135-HCU-SBDC-M1 | Sector 16 | Platform 4;TFLGB-PCN-N135-HCU-SBDC-M1;PCN-N135-HCU-SBDC-M1;Priority_5;London;HCU;London Bridge;SOLiD;SOLiD HCU;Platform 4;TFLGB-N135;RAN;Multi Techno;Repeater, Transcoder;Sector 16;;Deployed;;
Capita TfL GB;PCN-N115-LRN-104S;PCN-N115-LRN-104S | Sector 7 | Platform 6;TFLGB-PCN-N115-LRN-104S;PCN-N115-LRN-104S;Priority_5;London;LRN;Waterloo;SOLiD;SOLiD LRN;Platform 6;TFLGB-N115;RAN;Multi Techno;Repeater, Transcoder;Sector 7;;Deployed;;
Capita TfL GB;PCN-D101-HCU-ZDC1-M;PCN-D101-HCU-ZDC1-M | Sector 3 | Ticket Hall_Escalator;TFLGB-PCN-D101-HCU-ZDC1-M;PCN-D101-HCU-ZDC1-M;Priority_5;London;HCU;Westminster;SOLiD;SOLiD HCU;Ticket Hall_Escalator;TFLGB-D101;RAN;Multi Techno;Repeater, Transcoder;Sector 3;;Deployed;;
Capita TfL GB;PCN-J012-J-EBLO-HRN-003S;PCN-J012-J-EBLO-HRN-003S | Sector 26 | East Tunnel;TFLGB-PCN-J012-J-EBLO-HRN-003S;PCN-J012-J-EBLO-HRN-003S;Priority_5;London;HRN;Canada Water;SOLiD;SOLiD HRN;East Tunnel;TFLGB-J012;RAN;Multi Techno;Repeater, Transcoder;Sector 26;;Deployed;;
Capita TfL GB;PCN-N115-HCU-ZDC11-S1;PCN-N115-HCU-ZDC11-S1 | Sector 6 | Platform 5;TFLGB-PCN-N115-HCU-ZDC11-S1;PCN-N115-HCU-ZDC11-S1;Priority_5;London;HCU;Waterloo;SOLiD;SOLiD HCU;Platform 5;TFLGB-N115;RAN;Multi Techno;Repeater, Transcoder;Sector 6;;Deployed;;
Capita TfL GB;PCN-N115-HCU-ZDC11-S2;PCN-N115-HCU-ZDC11-S2 | Sector 7 | Platform 6;TFLGB-PCN-N115-HCU-ZDC11-S2;PCN-N115-HCU-ZDC11-S2;Priority_5;London;HCU;Waterloo;SOLiD;SOLiD HCU;Platform 6;TFLGB-N115;RAN;Multi Techno;Repeater, Transcoder;Sector 7;;Deployed;;
Capita TfL GB;PCN-D101-HCU-ZDC5-S;PCN-D101-HCU-ZDC5-S | Sector 3 | Ticket Hall_Escalator;TFLGB-PCN-D101-HCU-ZDC5-S;PCN-D101-HCU-ZDC5-S;Priority_5;London;HCU;Westminster;SOLiD;SOLiD HCU;Ticket Hall_Escalator;TFLGB-D101;RAN;Multi Techno;Repeater, Transcoder;Sector 3;;Deployed;;
Capita TfL GB;PCN-J009-LRN-67S;PCN-J009-LRN-67S | Sector 23 | Platform 1;TFLGB-PCN-J009-LRN-67S;PCN-J009-LRN-67S;Priority_5;London;LRN;Canada Water;SOLiD;SOLiD LRN;Platform 1;TFLGB-J009;RAN;Multi Techno;Repeater, Transcoder;Sector 23;;Deployed;;
Capita TfL GB;PCN-J007-LRN-42S;PCN-J007-LRN-42S | Sector 28 | Ticket Hall_Escalator;TFLGB-PCN-J007-LRN-42S;PCN-J007-LRN-42S;Priority_5;London;LRN;Canary Wharf;SOLiD;SOLiD LRN;Ticket Hall_Escalator;TFLGB-J007;RAN;Multi Techno;Repeater, Transcoder;Sector 28;;Deployed;;
Capita TfL GB;PCN-J009-HCU-ZDC10-S;PCN-J009-HCU-ZDC10-S | Sector 23 | Platform 1;TFLGB-PCN-J009-HCU-ZDC10-S;PCN-J009-HCU-ZDC10-S;Priority_5;London;HCU;Canada Water;SOLiD;SOLiD HCU;Platform 1;TFLGB-J009;RAN;Multi Techno;Repeater, Transcoder;Sector 23;;Deployed;;
Capita TfL GB;PCN-J014-J-WBLO-HRN-002M;PCN-J014-J-WBLO-HRN-002M | Sector 21 | West Tunnel;TFLGB-PCN-J014-J-WBLO-HRN-002M;PCN-J014-J-WBLO-HRN-002M;Priority_5;London;HRN;Bermondsey;SOLiD;SOLiD HRN;West Tunnel;TFLGB-J014;RAN;Multi Techno;Repeater, Transcoder;Sector 21;;Deployed;;
Capita TfL GB;PCN-J009-DAS12;PCN-J009-DAS12 | Sector 12 | BTS Hotel;TFLGB-PCN-J009-DAS12;PCN-J009-DAS12;Priority_1;London;DAU;Canada Water;SOLiD;SOLiD DAU;BTS Hotel;TFLGB-J009;RAN;Multi Techno;Repeater, Transcoder;Sector 12;;Deployed;;
Capita TfL GB;PCN-J009-DAS29;PCN-J009-DAS29 | Sector 29 | BTS Hotel;TFLGB-PCN-J009-DAS29;PCN-J009-DAS29;Priority_1;London;DAU;Canada Water;SOLiD;SOLiD DAU;BTS Hotel;TFLGB-J009;RAN;Multi Techno;Repeater, Transcoder;Sector 29;;Deployed;;
Capita TfL GB;PCN-J009-DAS8;PCN-J009-DAS8 | Sector 8 | BTS Hotel;TFLGB-PCN-J009-DAS8;PCN-J009-DAS8;Priority_1;London;DAU;Canada Water;SOLiD;SOLiD DAU;BTS Hotel;TFLGB-J009;RAN;Multi Techno;Repeater, Transcoder;Sector 8;;Deployed;;
Capita TfL GB;PCN-J009-DAS31;PCN-J009-DAS31 | Sector 31 | BTS Hotel;TFLGB-PCN-J009-DAS31;PCN-J009-DAS31;Priority_1;London;DAU;Canada Water;SOLiD;SOLiD DAU;BTS Hotel;TFLGB-J009;RAN;Multi Techno;Repeater, Transcoder;Sector 31;;Deployed;;
Capita TfL GB;PCN-J011-HCU-ZDC7-M;PCN-J011-HCU-ZDC7-M | Sector 20 | Platform 1;TFLGB-PCN-J011-HCU-ZDC7-M;PCN-J011-HCU-ZDC7-M;Priority_5;London;HCU;Bermondsey;SOLiD;SOLiD HCU;Platform 1;TFLGB-J011;RAN;Multi Techno;Repeater, Transcoder;Sector 20;;Deployed;;
Capita TfL GB;PCN-N135-HCU-ZDC13-M1;PCN-N135-HCU-ZDC13-M1 | Sector 16 | Platform 4;TFLGB-PCN-N135-HCU-ZDC13-M1;PCN-N135-HCU-ZDC13-M1;Priority_5;London;HCU;London Bridge;SOLiD;SOLiD HCU;Platform 4;TFLGB-N135;RAN;Multi Techno;Repeater, Transcoder;Sector 16;;Deployed;;
Capita TfL GB;PCN-J007-HCU-ZDC13-S;PCN-J007-HCU-ZDC13-S | Sector 28 | Ticket Hall_Escalator;TFLGB-PCN-J007-HCU-ZDC13-S;PCN-J007-HCU-ZDC13-S;Priority_5;London;HCU;Canary Wharf;SOLiD;SOLiD HCU;Ticket Hall_Escalator;TFLGB-J007;RAN;Multi Techno;Repeater, Transcoder;Sector 28;;Deployed;;
Capita TfL GB;PCN-J007-HCU-ZDC8-M;PCN-J007-HCU-ZDC8-M | Sector 27 | Platform 1;TFLGB-PCN-J007-HCU-ZDC8-M;PCN-J007-HCU-ZDC8-M;Priority_5;London;HCU;Canary Wharf;SOLiD;SOLiD HCU;Platform 1;TFLGB-J007;RAN;Multi Techno;Repeater, Transcoder;Sector 27;;Deployed;;
Capita TfL GB;PCN-J018-J-EBLO-HRN-001M;PCN-J018-J-EBLO-HRN-001M | Sector 9 | East Tunnel;TFLGB-PCN-J018-J-EBLO-HRN-001M;PCN-J018-J-EBLO-HRN-001M;Priority_5;London;HRN;Southwark;SOLiD;SOLiD HRN;East Tunnel;TFLGB-J018;RAN;Multi Techno;Repeater, Transcoder;Sector 9;;Deployed;;
Capita TfL GB;PCN-J012-J-EBLO-HRN-002S;PCN-J012-J-EBLO-HRN-002S | Sector 25 | East Tunnel;TFLGB-PCN-J012-J-EBLO-HRN-002S;PCN-J012-J-EBLO-HRN-002S;Priority_5;London;HRN;Canada Water;SOLiD;SOLiD HRN;East Tunnel;TFLGB-J012;RAN;Multi Techno;Repeater, Transcoder;Sector 25;;Deployed;;
Capita TfL GB;PCN-J009-LRN-68M;PCN-J009-LRN-68M | Sector 23 | Platform 1;TFLGB-PCN-J009-LRN-68M;PCN-J009-LRN-68M;Priority_5;London;LRN;Canada Water;SOLiD;SOLiD LRN;Platform 1;TFLGB-J009;RAN;Multi Techno;Repeater, Transcoder;Sector 23;;Deployed;;
Capita TfL GB;PCN-J007-HCU-ZDC11-M;PCN-J007-HCU-ZDC11-M | Sector 27 | Platform 1;TFLGB-PCN-J007-HCU-ZDC11-M;PCN-J007-HCU-ZDC11-M;Priority_5;London;HCU;Canary Wharf;SOLiD;SOLiD HCU;Platform 1;TFLGB-J007;RAN;Multi Techno;Repeater, Transcoder;Sector 27;;Deployed;;
Capita TfL GB;PCN-J024-J-WBLO-HRN-001S;PCN-J024-J-WBLO-HRN-001S | Sector 5 | West Tunnel;TFLGB-PCN-J024-J-WBLO-HRN-001S;PCN-J024-J-WBLO-HRN-001S;Priority_5;London;HRN;Westminster;SOLiD;SOLiD HRN;West Tunnel;TFLGB-J024;RAN;Multi Techno;Repeater, Transcoder;Sector 5;;Deployed;;
Capita TfL GB;PCN-J009-HCU-SBDC1-S;PCN-J009-HCU-SBDC1-S | Sector 24 | Ticket Hall_Escalator;TFLGB-PCN-J009-HCU-SBDC1-S;PCN-J009-HCU-SBDC1-S;Priority_5;London;HCU;Canada Water;SOLiD;SOLiD HCU;Ticket Hall_Escalator;TFLGB-J009;RAN;Multi Techno;Repeater, Transcoder;Sector 24;;Deployed;;
Capita TfL GB;PCN-J005-LRN-8S;PCN-J005-LRN-8S | Sector 32 | Ticket Hall_Escalator;TFLGB-PCN-J005-LRN-8S;PCN-J005-LRN-8S;Priority_5;London;LRN;North Greenwhich;SOLiD;SOLiD LRN;Ticket Hall_Escalator;TFLGB-J005;RAN;Multi Techno;Repeater, Transcoder;Sector 32;;Deployed;;
Capita TfL GB;PCN-J009-LRN-20M;PCN-J009-LRN-20M | Sector 24 | Ticket Hall_Escalator;TFLGB-PCN-J009-LRN-20M;PCN-J009-LRN-20M;Priority_5;London;LRN;Canada Water;SOLiD;SOLiD LRN;Ticket Hall_Escalator;TFLGB-J009;RAN;Multi Techno;Repeater, Transcoder;Sector 24;;Deployed;;
Capita TfL GB;PCN-N135-HCU-SBDC-M2;PCN-N135-HCU-SBDC-M2 | Sector 15 | Platform 3;TFLGB-PCN-N135-HCU-SBDC-M2;PCN-N135-HCU-SBDC-M2;Priority_5;London;HCU;London Bridge;SOLiD;SOLiD HCU;Platform 3;TFLGB-N135;RAN;Multi Techno;Repeater, Transcoder;Sector 15;;Deployed;;
Capita TfL GB;PCN-J007-LRN-42M;PCN-J007-LRN-42M | Sector 28 | Ticket Hall_Escalator;TFLGB-PCN-J007-LRN-42M;PCN-J007-LRN-42M;Priority_5;London;LRN;Canary Wharf;SOLiD;SOLiD LRN;Ticket Hall_Escalator;TFLGB-J007;RAN;Multi Techno;Repeater, Transcoder;Sector 28;;Deployed;;
Capita TfL GB;PCN-N135-LRN-73S;PCN-N135-LRN-73S | Sector 16 | Platform 4;TFLGB-PCN-N135-LRN-73S;PCN-N135-LRN-73S;Priority_5;London;LRN;London Bridge;SOLiD;SOLiD LRN;Platform 4;TFLGB-N135;RAN;Multi Techno;Repeater, Transcoder;Sector 16;;Deployed;;
Capita TfL GB;PCN-D101-HCU-ZDC5-M;PCN-D101-HCU-ZDC5-M | Sector 3 | Ticket Hall_Escalator;TFLGB-PCN-D101-HCU-ZDC5-M;PCN-D101-HCU-ZDC5-M;Priority_5;London;HCU;Westminster;SOLiD;SOLiD HCU;Ticket Hall_Escalator;TFLGB-D101;RAN;Multi Techno;Repeater, Transcoder;Sector 3;;Deployed;;
Capita TfL GB;PCN-D101-LRN-18M;PCN-D101-LRN-18M | Sector 3 | Ticket Hall_Escalator;TFLGB-PCN-D101-LRN-18M;PCN-D101-LRN-18M;Priority_5;London;LRN;Westminster;SOLiD;SOLiD LRN;Ticket Hall_Escalator;TFLGB-D101;RAN;Multi Techno;Repeater, Transcoder;Sector 3;;Deployed;;
Capita TfL GB;PCN-J024-J-EBLO-HRN-002S;PCN-J024-J-EBLO-HRN-002S | Sector 4 | East Tunnel;TFLGB-PCN-J024-J-EBLO-HRN-002S;PCN-J024-J-EBLO-HRN-002S;Priority_5;London;HRN;Westminster;SOLiD;SOLiD HRN;East Tunnel;TFLGB-J024;RAN;Multi Techno;Repeater, Transcoder;Sector 4;;Deployed;;
Capita TfL GB;PCN-J013-LRN-47S;PCN-J013-LRN-47S | Sector 12 | Ticket Hall_Escalator;TFLGB-PCN-J013-LRN-47S;PCN-J013-LRN-47S;Priority_5;London;LRN;Southwark;SOLiD;SOLiD LRN;Ticket Hall_Escalator;TFLGB-J013;RAN;Multi Techno;Repeater, Transcoder;Sector 12;;Deployed;;
Capita TfL GB;PCN-J012-J-EBLO-HRN-003M;PCN-J012-J-EBLO-HRN-003M | Sector 26 | East Tunnel;TFLGB-PCN-J012-J-EBLO-HRN-003M;PCN-J012-J-EBLO-HRN-003M;Priority_5;London;HRN;Canada Water;SOLiD;SOLiD HRN;East Tunnel;TFLGB-J012;RAN;Multi Techno;Repeater, Transcoder;Sector 26;;Deployed;;
Capita TfL GB;PCN-N115-LRN-100S;PCN-N115-LRN-100S | Sector 6 | Platform 5;TFLGB-PCN-N115-LRN-100S;PCN-N115-LRN-100S;Priority_5;London;LRN;Waterloo;SOLiD;SOLiD LRN;Platform 5;TFLGB-N115;RAN;Multi Techno;Repeater, Transcoder;Sector 6;;Deployed;;
Capita TfL GB;PCN-J011-LRN-40S;PCN-J011-LRN-40S | Sector 20 | Platform 1;TFLGB-PCN-J011-LRN-40S;PCN-J011-LRN-40S;Priority_5;London;LRN;Bermondsey;SOLiD;SOLiD LRN;Platform 1;TFLGB-J011;RAN;Multi Techno;Repeater, Transcoder;Sector 20;;Deployed;;
Capita TfL GB;PCN-J008-J-EBLO-HRN-003M;PCN-J008-J-EBLO-HRN-003M | Sector 30 | East Tunnel;TFLGB-PCN-J008-J-EBLO-HRN-003M;PCN-J008-J-EBLO-HRN-003M;Priority_5;London;HRN;Canary Wharf;SOLiD;SOLiD HRN;East Tunnel;TFLGB-J008;RAN;Multi Techno;Repeater, Transcoder;Sector 30;;Deployed;;
Capita TfL GB;PCN-J006-J-EBLO-HRN-001M;PCN-J006-J-EBLO-HRN-001M | Sector 33 | East Tunnel;TFLGB-PCN-J006-J-EBLO-HRN-001M;PCN-J006-J-EBLO-HRN-001M;Priority_5;London;HRN;North Greenwhich;SOLiD;SOLiD HRN;East Tunnel;TFLGB-J006;RAN;Multi Techno;Repeater, Transcoder;Sector 33;;Deployed;;
Capita TfL GB;PCN-J007-HCU-ZDC4-S;PCN-J007-HCU-ZDC4-S | Sector 27 | Platform 1;TFLGB-PCN-J007-HCU-ZDC4-S;PCN-J007-HCU-ZDC4-S;Priority_5;London;HCU;Canary Wharf;SOLiD;SOLiD HCU;Platform 1;TFLGB-J007;RAN;Multi Techno;Repeater, Transcoder;Sector 27;;Deployed;;
Capita TfL GB;PCN-J022-J-WBLO-HRN-001S;PCN-J022-J-WBLO-HRN-001S | Sector 13 | West Tunnel;TFLGB-PCN-J022-J-WBLO-HRN-001S;PCN-J022-J-WBLO-HRN-001S;Priority_5;London;HRN;Waterloo;SOLiD;SOLiD HRN;West Tunnel;TFLGB-J022;RAN;Multi Techno;Repeater, Transcoder;Sector 13;;Deployed;;
Capita TfL GB;PCN-J005-LRN-65M;PCN-J005-LRN-65M | Sector 31 | Platform;TFLGB-PCN-J005-LRN-65M;PCN-J005-LRN-65M;Priority_5;London;LRN;North Greenwhich;SOLiD;SOLiD LRN;Platform;TFLGB-J005;RAN;Multi Techno;Repeater, Transcoder;Sector 31;;Deployed;;
Capita TfL GB;PCN-D101-LRN-53S;PCN-D101-LRN-53S | Sector 3 | Ticket Hall_Escalator;TFLGB-PCN-D101-LRN-53S;PCN-D101-LRN-53S;Priority_5;London;LRN;Westminster;SOLiD;SOLiD LRN;Ticket Hall_Escalator;TFLGB-D101;RAN;Multi Techno;Repeater, Transcoder;Sector 3;;Deployed;;
Capita TfL GB;PCN-D101-HCU-ZDC9-S;PCN-D101-HCU-ZDC9-S | Sector 3 | Ticket Hall_Escalator;TFLGB-PCN-D101-HCU-ZDC9-S;PCN-D101-HCU-ZDC9-S;Priority_5;London;HCU;Westminster;SOLiD;SOLiD HCU;Ticket Hall_Escalator;TFLGB-D101;RAN;Multi Techno;Repeater, Transcoder;Sector 3;;Deployed;;
Capita TfL GB;PCN-J013-HCU-ZDC2-M;PCN-J013-HCU-ZDC2-M | Sector 12 | Ticket Hall_Escalator;TFLGB-PCN-J013-HCU-ZDC2-M;PCN-J013-HCU-ZDC2-M;Priority_5;London;HCU;Southwark;SOLiD;SOLiD HCU;Ticket Hall_Escalator;TFLGB-J013;RAN;Multi Techno;Repeater, Transcoder;Sector 12;;Deployed;;
Capita TfL GB;PCN-J005-LRN-8M;PCN-J005-LRN-8M | Sector 32 | Ticket Hall_Escalator;TFLGB-PCN-J005-LRN-8M;PCN-J005-LRN-8M;Priority_5;London;LRN;North Greenwhich;SOLiD;SOLiD LRN;Ticket Hall_Escalator;TFLGB-J005;RAN;Multi Techno;Repeater, Transcoder;Sector 32;;Deployed;;
Capita TfL GB;PCN-D101-LRN-70M;PCN-D101-LRN-70M | Sector 3 | Ticket Hall_Escalator;TFLGB-PCN-D101-LRN-70M;PCN-D101-LRN-70M;Priority_5;London;LRN;Westminster;SOLiD;SOLiD LRN;Ticket Hall_Escalator;TFLGB-D101;RAN;Multi Techno;Repeater, Transcoder;Sector 3;;Deployed;;
Capita TfL GB;PCN-J013-HCU-ZDC2-S;PCN-J013-HCU-ZDC2-S | Sector 12 | Ticket Hall_Escalator;TFLGB-PCN-J013-HCU-ZDC2-S;PCN-J013-HCU-ZDC2-S;Priority_5;London;HCU;Southwark;SOLiD;SOLiD HCU;Ticket Hall_Escalator;TFLGB-J013;RAN;Multi Techno;Repeater, Transcoder;Sector 12;;Deployed;;
Capita TfL GB;PCN-J007-LRN-45S;PCN-J007-LRN-45S | Sector 28 | Ticket Hall_Escalator;TFLGB-PCN-J007-LRN-45S;PCN-J007-LRN-45S;Priority_5;London;LRN;Canary Wharf;SOLiD;SOLiD LRN;Ticket Hall_Escalator;TFLGB-J007;RAN;Multi Techno;Repeater, Transcoder;Sector 28;;Deployed;;
Capita TfL GB;PCN-N135-LRN-76S;PCN-N135-LRN-76S | Sector 15 | Platform 3;TFLGB-PCN-N135-LRN-76S;PCN-N135-LRN-76S;Priority_5;London;LRN;London Bridge;SOLiD;SOLiD LRN;Platform 3;TFLGB-N135;RAN;Multi Techno;Repeater, Transcoder;Sector 15;;Deployed;;
Capita TfL GB;PCN-J005-LRN-63M;PCN-J005-LRN-63M | Sector 31 | Platform;TFLGB-PCN-J005-LRN-63M;PCN-J005-LRN-63M;Priority_5;London;LRN;North Greenwhich;SOLiD;SOLiD LRN;Platform;TFLGB-J005;RAN;Multi Techno;Repeater, Transcoder;Sector 31;;Deployed;;
Capita TfL GB;PCN-J018-J-EBLO-HRN-001S;PCN-J018-J-EBLO-HRN-001S | Sector 9 | East Tunnel;TFLGB-PCN-J018-J-EBLO-HRN-001S;PCN-J018-J-EBLO-HRN-001S;Priority_5;London;HRN;Southwark;SOLiD;SOLiD HRN;East Tunnel;TFLGB-J018;RAN;Multi Techno;Repeater, Transcoder;Sector 9;;Deployed;;
Capita TfL GB;PCN-J013-HCU-ZDC7-M;PCN-J013-HCU-ZDC7-M | Sector 11 | Platform 2;TFLGB-PCN-J013-HCU-ZDC7-M;PCN-J013-HCU-ZDC7-M;Priority_5;London;HCU;Southwark;SOLiD;SOLiD HCU;Platform 2;TFLGB-J013;RAN;Multi Techno;Repeater, Transcoder;Sector 11;;Deployed;;
Capita TfL GB;PCN-J011-LRN-19S;PCN-J011-LRN-19S | Sector 20 | Platform 1;TFLGB-PCN-J011-LRN-19S;PCN-J011-LRN-19S;Priority_5;London;LRN;Bermondsey;SOLiD;SOLiD LRN;Platform 1;TFLGB-J011;RAN;Multi Techno;Repeater, Transcoder;Sector 20;;Deployed;;
Capita TfL GB;PCN-J009-DAS27;PCN-J009-DAS27 | Sector 27 | BTS Hotel;TFLGB-PCN-J009-DAS27;PCN-J009-DAS27;Priority_1;London;DAU;Canada Water;SOLiD;SOLiD DAU;BTS Hotel;TFLGB-J009;RAN;Multi Techno;Repeater, Transcoder;Sector 27;;Deployed;;
Capita TfL GB;PCN-J009-DAS30;PCN-J009-DAS30 | Sector 30 | BTS Hotel;TFLGB-PCN-J009-DAS30;PCN-J009-DAS30;Priority_1;London;DAU;Canada Water;SOLiD;SOLiD DAU;BTS Hotel;TFLGB-J009;RAN;Multi Techno;Repeater, Transcoder;Sector 30;;Deployed;;
Capita TfL GB;PCN-J013-LRN-36M;PCN-J013-LRN-36M | Sector 12 | Ticket Hall_Escalator;TFLGB-PCN-J013-LRN-36M;PCN-J013-LRN-36M;Priority_5;London;LRN;Southwark;SOLiD;SOLiD LRN;Ticket Hall_Escalator;TFLGB-J013;RAN;Multi Techno;Repeater, Transcoder;Sector 12;;Deployed;;
Capita TfL GB;PCN-J007-LRN-17S;PCN-J007-LRN-17S | Sector 27 | Platform 1;TFLGB-PCN-J007-LRN-17S;PCN-J007-LRN-17S;Priority_5;London;LRN;Canary Wharf;SOLiD;SOLiD LRN;Platform 1;TFLGB-J007;RAN;Multi Techno;Repeater, Transcoder;Sector 27;;Deployed;;
Capita TfL GB;PCN-N135-HCU-ZDC13-S1;PCN-N135-HCU-ZDC13-S1 | Sector 16 | Platform 4;TFLGB-PCN-N135-HCU-ZDC13-S1;PCN-N135-HCU-ZDC13-S1;Priority_5;London;HCU;London Bridge;SOLiD;SOLiD HCU;Platform 4;TFLGB-N135;RAN;Multi Techno;Repeater, Transcoder;Sector 16;;Deployed;;
Capita TfL GB;PCN-J006-J-EBLO-HRN-002M;PCN-J006-J-EBLO-HRN-002M | Sector 33 | East Tunnel;TFLGB-PCN-J006-J-EBLO-HRN-002M;PCN-J006-J-EBLO-HRN-002M;Priority_5;London;HRN;North Greenwhich;SOLiD;SOLiD HRN;East Tunnel;TFLGB-J006;RAN;Multi Techno;Repeater, Transcoder;Sector 33;;Deployed;;
Capita TfL GB;PCN-D101-LRN-70S;PCN-D101-LRN-70S | Sector 3 | Ticket Hall_Escalator;TFLGB-PCN-D101-LRN-70S;PCN-D101-LRN-70S;Priority_5;London;LRN;Westminster;SOLiD;SOLiD LRN;Ticket Hall_Escalator;TFLGB-D101;RAN;Multi Techno;Repeater, Transcoder;Sector 3;;Deployed;;
Capita TfL GB;PCN-J009-DAS22;PCN-J009-DAS22 | Sector 22 | BTS Hotel;TFLGB-PCN-J009-DAS22;PCN-J009-DAS22;Priority_1;London;DAU;Canada Water;SOLiD;SOLiD DAU;BTS Hotel;TFLGB-J009;RAN;Multi Techno;Repeater, Transcoder;Sector 22;;Deployed;;
Capita TfL GB;PCN-J011-LRN-38S;PCN-J011-LRN-38S | Sector 20 | Platform 1;TFLGB-PCN-J011-LRN-38S;PCN-J011-LRN-38S;Priority_5;London;LRN;Bermondsey;SOLiD;SOLiD LRN;Platform 1;TFLGB-J011;RAN;Multi Techno;Repeater, Transcoder;Sector 20;;Deployed;;
Capita TfL GB;PCN-D101-HCU-ZDC6-M1;PCN-D101-HCU-ZDC6-M1 | Sector 3 | Ticket Hall_Escalator;TFLGB-PCN-D101-HCU-ZDC6-M1;PCN-D101-HCU-ZDC6-M1;Priority_5;London;HCU;Westminster;SOLiD;SOLiD HCU;Ticket Hall_Escalator;TFLGB-D101;RAN;Multi Techno;Repeater, Transcoder;Sector 3;;Deployed;;
Capita TfL GB;PCN-D101-LRN-62M;PCN-D101-LRN-62M | Sector 2 | Platform 4;TFLGB-PCN-D101-LRN-62M;PCN-D101-LRN-62M;Priority_5;London;LRN;Westminster;SOLiD;SOLiD LRN;Platform 4;TFLGB-D101;RAN;Multi Techno;Repeater, Transcoder;Sector 2;;Deployed;;
Capita TfL GB;PCN-N135-HCU-ZDC13-M2;PCN-N135-HCU-ZDC13-M2 | Sector 15 | Platform 3;TFLGB-PCN-N135-HCU-ZDC13-M2;PCN-N135-HCU-ZDC13-M2;Priority_5;London;HCU;London Bridge;SOLiD;SOLiD HCU;Platform 3;TFLGB-N135;RAN;Multi Techno;Repeater, Transcoder;Sector 15;;Deployed;;
Capita TfL GB;PCN-J009-HCU-ZDC11-M;PCN-J009-HCU-ZDC11-M | Sector 23 | Platform 1;TFLGB-PCN-J009-HCU-ZDC11-M;PCN-J009-HCU-ZDC11-M;Priority_5;London;HCU;Canada Water;SOLiD;SOLiD HCU;Platform 1;TFLGB-J009;RAN;Multi Techno;Repeater, Transcoder;Sector 23;;Deployed;;
Capita TfL GB;PCN-J016-J-WBLO-HRN-003S;PCN-J016-J-WBLO-HRN-003S | Sector 14 | West Tunnel;TFLGB-PCN-J016-J-WBLO-HRN-003S;PCN-J016-J-WBLO-HRN-003S;Priority_5;London;HRN;London Bridge;SOLiD;SOLiD HRN;West Tunnel;TFLGB-J016;RAN;Multi Techno;Repeater, Transcoder;Sector 14;;Deployed;;
Capita TfL GB;PCN-J005-LRN-64M;PCN-J005-LRN-64M | Sector 31 | Platform;TFLGB-PCN-J005-LRN-64M;PCN-J005-LRN-64M;Priority_5;London;LRN;North Greenwhich;SOLiD;SOLiD LRN;Platform;TFLGB-J005;RAN;Multi Techno;Repeater, Transcoder;Sector 31;;Deployed;;
Capita TfL GB;PCN-J016-J-EBLO-HRN-003M;PCN-J016-J-EBLO-HRN-003M | Sector 19 | East Tunnel;TFLGB-PCN-J016-J-EBLO-HRN-003M;PCN-J016-J-EBLO-HRN-003M;Priority_5;London;HRN;London Bridge;SOLiD;SOLiD HRN;East Tunnel;TFLGB-J016;RAN;Multi Techno;Repeater, Transcoder;Sector 19;;Deployed;;
Capita TfL GB;PCN-J014-J-WBLO-HRN-001M;PCN-J014-J-WBLO-HRN-001M | Sector 22 | West Tunnel;TFLGB-PCN-J014-J-WBLO-HRN-001M;PCN-J014-J-WBLO-HRN-001M;Priority_5;London;HRN;Bermondsey;SOLiD;SOLiD HRN;West Tunnel;TFLGB-J014;RAN;Multi Techno;Repeater, Transcoder;Sector 22;;Deployed;;
Capita TfL GB;PCN-D101-HCU-ZDC8-M;PCN-D101-HCU-ZDC8-M | Sector 3 | Ticket Hall_Escalator;TFLGB-PCN-D101-HCU-ZDC8-M;PCN-D101-HCU-ZDC8-M;Priority_5;London;HCU;Westminster;SOLiD;SOLiD HCU;Ticket Hall_Escalator;TFLGB-D101;RAN;Multi Techno;Repeater, Transcoder;Sector 3;;Deployed;;
Capita TfL GB;PCN-D101-LRN-18S;PCN-D101-LRN-18S | Sector 3 | Ticket Hall_Escalator;TFLGB-PCN-D101-LRN-18S;PCN-D101-LRN-18S;Priority_5;London;LRN;Westminster;SOLiD;SOLiD LRN;Ticket Hall_Escalator;TFLGB-D101;RAN;Multi Techno;Repeater, Transcoder;Sector 3;;Deployed;;
Capita TfL GB;PCN-J007-LRN-44M;PCN-J007-LRN-44M | Sector 28 | Ticket Hall_Escalator;TFLGB-PCN-J007-LRN-44M;PCN-J007-LRN-44M;Priority_5;London;LRN;Canary Wharf;SOLiD;SOLiD LRN;Ticket Hall_Escalator;TFLGB-J007;RAN;Multi Techno;Repeater, Transcoder;Sector 28;;Deployed;;
Capita TfL GB;PCN-D101-LRN-4M;PCN-D101-LRN-4M | Sector 3 | Ticket Hall_Escalator;TFLGB-PCN-D101-LRN-4M;PCN-D101-LRN-4M;Priority_5;London;LRN;Westminster;SOLiD;SOLiD LRN;Ticket Hall_Escalator;TFLGB-D101;RAN;Multi Techno;Repeater, Transcoder;Sector 3;;Deployed;;
Capita TfL GB;PCN-J007-LRN-39S;PCN-J007-LRN-39S | Sector 28 | Ticket Hall_Escalator;TFLGB-PCN-J007-LRN-39S;PCN-J007-LRN-39S;Priority_5;London;LRN;Canary Wharf;SOLiD;SOLiD LRN;Ticket Hall_Escalator;TFLGB-J007;RAN;Multi Techno;Repeater, Transcoder;Sector 28;;Deployed;;
Capita TfL GB;PCN-J007-LRN-44S;PCN-J007-LRN-44S | Sector 28 | Ticket Hall_Escalator;TFLGB-PCN-J007-LRN-44S;PCN-J007-LRN-44S;Priority_5;London;LRN;Canary Wharf;SOLiD;SOLiD LRN;Ticket Hall_Escalator;TFLGB-J007;RAN;Multi Techno;Repeater, Transcoder;Sector 28;;Deployed;;
Capita TfL GB;PCN-D101-HCU-SBDC1-M;PCN-D101-HCU-SBDC1-M | Sector 3 | Ticket Hall_Escalator;TFLGB-PCN-D101-HCU-SBDC1-M;PCN-D101-HCU-SBDC1-M;Priority_5;London;HCU;Westminster;SOLiD;SOLiD HCU;Ticket Hall_Escalator;TFLGB-D101;RAN;Multi Techno;Repeater, Transcoder;Sector 3;;Deployed;;
Capita TfL GB;PCN-J012-J-EBLO-HRN-001M;PCN-J012-J-EBLO-HRN-001M | Sector 25 | East Tunnel;TFLGB-PCN-J012-J-EBLO-HRN-001M;PCN-J012-J-EBLO-HRN-001M;Priority_5;London;HRN;Canada Water;SOLiD;SOLiD HRN;East Tunnel;TFLGB-J012;RAN;Multi Techno;Repeater, Transcoder;Sector 25;;Deployed;;
Capita TfL GB;PCN-D101-HCU-ZDC6-M2;PCN-D101-HCU-ZDC6-M2 | Sector 1 | Platform 3;TFLGB-PCN-D101-HCU-ZDC6-M2;PCN-D101-HCU-ZDC6-M2;Priority_5;London;HCU;Westminster;SOLiD;SOLiD HCU;Platform 3;TFLGB-D101;RAN;Multi Techno;Repeater, Transcoder;Sector 1;;Deployed;;
Capita TfL GB;PCN-J011-HCU-ZDC2-M;PCN-J011-HCU-ZDC2-M | Sector 20 | Platform 1;TFLGB-PCN-J011-HCU-ZDC2-M;PCN-J011-HCU-ZDC2-M;Priority_5;London;HCU;Bermondsey;SOLiD;SOLiD HCU;Platform 1;TFLGB-J011;RAN;Multi Techno;Repeater, Transcoder;Sector 20;;Deployed;;
Capita TfL GB;PCN-J011-LRN-39M;PCN-J011-LRN-39M | Sector 20 | Platform 1;TFLGB-PCN-J011-LRN-39M;PCN-J011-LRN-39M;Priority_5;London;LRN;Bermondsey;SOLiD;SOLiD LRN;Platform 1;TFLGB-J011;RAN;Multi Techno;Repeater, Transcoder;Sector 20;;Deployed;;
Capita TfL GB;PCN-J007-HCU-ZDC4-M;PCN-J007-HCU-ZDC4-M | Sector 27 | Platform 1;TFLGB-PCN-J007-HCU-ZDC4-M;PCN-J007-HCU-ZDC4-M;Priority_5;London;HCU;Canary Wharf;SOLiD;SOLiD HCU;Platform 1;TFLGB-J007;RAN;Multi Techno;Repeater, Transcoder;Sector 27;;Deployed;;
Capita TfL GB;PCN-J018-J-WBLO-HRN-001M;PCN-J018-J-WBLO-HRN-001M | Sector 14 | West Tunnel;TFLGB-PCN-J018-J-WBLO-HRN-001M;PCN-J018-J-WBLO-HRN-001M;Priority_5;London;HRN;Southwark;SOLiD;SOLiD HRN;West Tunnel;TFLGB-J018;RAN;Multi Techno;Repeater, Transcoder;Sector 14;;Deployed;;
Capita TfL GB;PCN-D101-LRN-69M;PCN-D101-LRN-69M | Sector 3 | Ticket Hall_Escalator;TFLGB-PCN-D101-LRN-69M;PCN-D101-LRN-69M;Priority_5;London;LRN;Westminster;SOLiD;SOLiD LRN;Ticket Hall_Escalator;TFLGB-D101;RAN;Multi Techno;Repeater, Transcoder;Sector 3;;Deployed;;
Capita TfL GB;PCN-D101-HCU-ZDC13-M;PCN-D101-HCU-ZDC13-M | Sector 3 | Ticket Hall_Escalator;TFLGB-PCN-D101-HCU-ZDC13-M;PCN-D101-HCU-ZDC13-M;Priority_5;London;HCU;Westminster;SOLiD;SOLiD HCU;Ticket Hall_Escalator;TFLGB-D101;RAN;Multi Techno;Repeater, Transcoder;Sector 3;;Deployed;;
Capita TfL GB;PCN-J013-LRN-52S;PCN-J013-LRN-52S | Sector 10 | Platform 1;TFLGB-PCN-J013-LRN-52S;PCN-J013-LRN-52S;Priority_5;London;LRN;Southwark;SOLiD;SOLiD LRN;Platform 1;TFLGB-J013;RAN;Multi Techno;Repeater, Transcoder;Sector 10;;Deployed;;
Capita TfL GB;PCN-J009-LRN-44S;PCN-J009-LRN-44S | Sector 24 | Ticket Hall_Escalator;TFLGB-PCN-J009-LRN-44S;PCN-J009-LRN-44S;Priority_5;London;LRN;Canada Water;SOLiD;SOLiD LRN;Ticket Hall_Escalator;TFLGB-J009;RAN;Multi Techno;Repeater, Transcoder;Sector 24;;Deployed;;
Capita TfL GB;PCN-J013-LRN-47M;PCN-J013-LRN-47M | Sector 12 | Ticket Hall_Escalator;TFLGB-PCN-J013-LRN-47M;PCN-J013-LRN-47M;Priority_5;London;LRN;Southwark;SOLiD;SOLiD LRN;Ticket Hall_Escalator;TFLGB-J013;RAN;Multi Techno;Repeater, Transcoder;Sector 12;;Deployed;;
Capita TfL GB;PCN-D101-LRN-4S;PCN-D101-LRN-4S | Sector 3 | Ticket Hall_Escalator;TFLGB-PCN-D101-LRN-4S;PCN-D101-LRN-4S;Priority_5;London;LRN;Westminster;SOLiD;SOLiD LRN;Ticket Hall_Escalator;TFLGB-D101;RAN;Multi Techno;Repeater, Transcoder;Sector 3;;Deployed;;
Capita TfL GB;PCN-J009-LRN-69S;PCN-J009-LRN-69S | Sector 23 | Platform 1;TFLGB-PCN-J009-LRN-69S;PCN-J009-LRN-69S;Priority_5;London;LRN;Canada Water;SOLiD;SOLiD LRN;Platform 1;TFLGB-J009;RAN;Multi Techno;Repeater, Transcoder;Sector 23;;Deployed;;
Capita TfL GB;PCN-D101-LRN-35M;PCN-D101-LRN-35M | Sector 3 | Ticket Hall_Escalator;TFLGB-PCN-D101-LRN-35M;PCN-D101-LRN-35M;Priority_5;London;LRN;Westminster;SOLiD;SOLiD LRN;Ticket Hall_Escalator;TFLGB-D101;RAN;Multi Techno;Repeater, Transcoder;Sector 3;;Deployed;;
Capita TfL GB;PCN-J024-J-EBLO-HRN-001S;PCN-J024-J-EBLO-HRN-001S | Sector 4 | East Tunnel;TFLGB-PCN-J024-J-EBLO-HRN-001S;PCN-J024-J-EBLO-HRN-001S;Priority_5;London;HRN;Westminster;SOLiD;SOLiD HRN;East Tunnel;TFLGB-J024;RAN;Multi Techno;Repeater, Transcoder;Sector 4;;Deployed;;
Capita TfL GB;PCN-N115-LRN-100M;PCN-N115-LRN-100M | Sector 6 | Platform 5;TFLGB-PCN-N115-LRN-100M;PCN-N115-LRN-100M;Priority_5;London;LRN;Waterloo;SOLiD;SOLiD LRN;Platform 5;TFLGB-N115;RAN;Multi Techno;Repeater, Transcoder;Sector 6;;Deployed;;
Capita TfL GB;PCN-D101-LRN-34M;PCN-D101-LRN-34M | Sector 3 | Ticket Hall_Escalator;TFLGB-PCN-D101-LRN-34M;PCN-D101-LRN-34M;Priority_5;London;LRN;Westminster;SOLiD;SOLiD LRN;Ticket Hall_Escalator;TFLGB-D101;RAN;Multi Techno;Repeater, Transcoder;Sector 3;;Deployed;;
Capita TfL GB;PCN-J009-DAS18;PCN-J009-DAS18 | Sector 18 | BTS Hotel;TFLGB-PCN-J009-DAS18;PCN-J009-DAS18;Priority_1;London;DAU;Canada Water;SOLiD;SOLiD DAU;BTS Hotel;TFLGB-J009;RAN;Multi Techno;Repeater, Transcoder;Sector 18;;Deployed;;
Capita TfL GB;PCN-J009-DAS1;PCN-J009-DAS1 | Sector 1 | BTS Hotel;TFLG-PCN-J009-DAS1;PCN-J009-DAS1;Priority_1;London;DAU;Canada Water;SOLiD;SOLiD DAU;BTS Hotel;TFLGB-J009;RAN;Multi Techno;Repeater, Transcoder;Sector 1;;Deployed;;
Capita TfL GB;PCN-J009-DAS10;PCN-J009-DAS10 | Sector 10 | BTS Hotel;TFLGB-PCN-J009-DAS10;PCN-J009-DAS10;Priority_1;London;DAU;Canada Water;SOLiD;SOLiD DAU;BTS Hotel;TFLGB-J009;RAN;Multi Techno;Repeater, Transcoder;Sector 10;;Deployed;;
Capita TfL GB;PCN-J024-J-EBLO-HRN-001M;PCN-J024-J-EBLO-HRN-001M | Sector 4 | East Tunnel;TFLGB-PCN-J024-J-EBLO-HRN-001M;PCN-J024-J-EBLO-HRN-001M;Priority_5;London;HRN;Westminster;SOLiD;SOLiD HRN;East Tunnel;TFLGB-J024;RAN;Multi Techno;Repeater, Transcoder;Sector 4;;Deployed;;
Capita TfL GB;PCN-D101-LRN-45S;PCN-D101-LRN-45S | Sector 1 | Platform 3;TFLGB-PCN-D101-LRN-45S;PCN-D101-LRN-45S;Priority_5;London;LRN;Westminster;SOLiD;SOLiD LRN;Platform 3;TFLGB-D101;RAN;Multi Techno;Repeater, Transcoder;Sector 1;;Deployed;;
Capita TfL GB;PCN-D101-HCU-ZDC6-S2;PCN-D101-HCU-ZDC6-S2 | Sector 1 | Platform 3;TFLGB-PCN-D101-HCU-ZDC6-S2;PCN-D101-HCU-ZDC6-S2;Priority_5;London;HCU;Westminster;SOLiD;SOLiD HCU;Platform 3;TFLGB-D101;RAN;Multi Techno;Repeater, Transcoder;Sector 1;;Deployed;;
Capita TfL GB;PCN-J005-HCU-ZDC6-S;PCN-J005-HCU-ZDC6-S | Sector 31 | Platform;TFLGB-PCN-J005-HCU-ZDC6-S;PCN-J005-HCU-ZDC6-S;Priority_5;London;HCU;North Greenwhich;SOLiD;SOLiD HCU;Platform;TFLGB-J005;RAN;Multi Techno;Repeater, Transcoder;Sector 31;;Deployed;;
Capita TfL GB;PCN-J009-DAS13;PCN-J009-DAS13 | Sector 13 | BTS Hotel;TFLGB-PCN-J009-DAS13;PCN-J009-DAS13;Priority_1;London;DAU;Canada Water;SOLiD;SOLiD DAU;BTS Hotel;TFLGB-J009;RAN;Multi Techno;Repeater, Transcoder;Sector 13;;Deployed;;
Capita TfL GB;PCN-J009-DAS21;PCN-J009-DAS21 | Sector 21 | BTS Hotel;TFLGB-PCN-J009-DAS21;PCN-J009-DAS21;Priority_1;London;DAU;Canada Water;SOLiD;SOLiD DAU;BTS Hotel;TFLGB-J009;RAN;Multi Techno;Repeater, Transcoder;Sector 21;;Deployed;;
Capita TfL GB;PCN-J007-LRN-20S;PCN-J007-LRN-20S | Sector 27 | Platform 1;TFLGB-PCN-J007-LRN-20S;PCN-J007-LRN-20S;Priority_5;London;LRN;Canary Wharf;SOLiD;SOLiD LRN;Platform 1;TFLGB-J007;RAN;Multi Techno;Repeater, Transcoder;Sector 27;;Deployed;;
Capita TfL GB;PCN-J013-LRN-46M;PCN-J013-LRN-46M | Sector 12 | Ticket Hall_Escalator;TFLGB-PCN-J013-LRN-46M;PCN-J013-LRN-46M;Priority_5;London;LRN;Southwark;SOLiD;SOLiD LRN;Ticket Hall_Escalator;TFLGB-J013;RAN;Multi Techno;Repeater, Transcoder;Sector 12;;Deployed;;
Capita TfL GB;PCN-J009-DAS19;PCN-J009-DAS19 | Sector 19 | BTS Hotel;TFL-GB-PCN-J009-DAS19;PCN-J009-DAS19;Priority_1;London;DAU;Canada Water;SOLiD;SOLiD DAU;;TFLGB-J009;RAN;Multi Techno;Repeater, Transcoder;Sector 19;;Deployed;;
Capita TfL GB;PCN-J012-J-WBLO-HRN-003S;PCN-J012-J-WBLO-HRN-003S | Sector 22 | West Tunnel;TFLGB-PCN-J012-J-WBLO-HRN-003S;PCN-J012-J-WBLO-HRN-003S;Priority_5;London;HRN;Canada Water;SOLiD;SOLiD HRN;West Tunnel;TFLGB-J012;RAN;Multi Techno;Repeater, Transcoder;Sector 22;;Deployed;;
Capita TfL GB;PCN-J013-LRN-25M;PCN-J013-LRN-25M | Sector 12 | Ticket Hall_Escalator;TFLGB-PCN-J013-LRN-25M;PCN-J013-LRN-25M;Priority_5;London;LRN;Southwark;SOLiD;SOLiD LRN;Ticket Hall_Escalator;TFLGB-J013;RAN;Multi Techno;Repeater, Transcoder;Sector 12;;Deployed;;
Capita TfL GB;PCN-J014-J-EBLO-HRN-002M;PCN-J014-J-EBLO-HRN-002M | Sector 25 | East Tunnel;TFLGB-PCN-J014-J-EBLO-HRN-002M;PCN-J014-J-EBLO-HRN-002M;Priority_5;London;HRN;Bermondsey;SOLiD;SOLiD HRN;East Tunnel;TFLGB-J014;RAN;Multi Techno;Repeater, Transcoder;Sector 25;;Deployed;;
Capita TfL GB;PCN-D101-HCU-ZDC8-S;PCN-D101-HCU-ZDC8-S | Sector 3 | Ticket Hall_Escalator;TFLGB-PCN-D101-HCU-ZDC8-S;PCN-D101-HCU-ZDC8-S;Priority_5;London;HCU;Westminster;SOLiD;SOLiD HCU;Ticket Hall_Escalator;TFLGB-D101;RAN;Multi Techno;Repeater, Transcoder;Sector 3;;Deployed;;
Capita TfL GB;PCN-J013-HCU-ZDC7-S;PCN-J013-HCU-ZDC7-S | Sector 11 | Platform 2;TFLGB-PCN-J013-HCU-ZDC7-S;PCN-J013-HCU-ZDC7-S;Priority_5;London;HCU;Southwark;SOLiD;SOLiD HCU;Platform 2;TFLGB-J013;RAN;Multi Techno;Repeater, Transcoder;Sector 11;;Deployed;;
Capita TfL GB;PCN-D101-HCU-ZDC4-M;PCN-D101-HCU-ZDC4-M | Sector 3 | Ticket Hall_Escalator;TFLGB-PCN-D101-HCU-ZDC4-M;PCN-D101-HCU-ZDC4-M;Priority_5;London;HCU;Westminster;SOLiD;SOLiD HCU;Ticket Hall_Escalator;TFLGB-D101;RAN;Multi Techno;Repeater, Transcoder;Sector 3;;Deployed;;
Capita TfL GB;PCN-J005-LRN-65S;PCN-J005-LRN-65S | Sector 31 | Platform;TFLGB-PCN-J005-LRN-65S;PCN-J005-LRN-65S;Priority_5;London;LRN;North Greenwhich;SOLiD;SOLiD LRN;Platform;TFLGB-J005;RAN;Multi Techno;Repeater, Transcoder;Sector 31;;Deployed;;
Capita TfL GB;PCN-J016-J-EBLO-HRN-002S;PCN-J016-J-EBLO-HRN-002S | Sector 18 | East Tunnel;TFLGB-PCN-J016-J-EBLO-HRN-002S;PCN-J016-J-EBLO-HRN-002S;Priority_5;London;HRN;London Bridge;SOLiD;SOLiD HRN;East Tunnel;TFLGB-J016;RAN;Multi Techno;Repeater, Transcoder;Sector 18;;Deployed;;
Capita TfL GB;PCN-J009-HCU-ZDC6-S;PCN-J009-HCU-ZDC6-S | Sector 24 | Ticket Hall_Escalator;TFLGB-PCN-J009-HCU-ZDC6-S;PCN-J009-HCU-ZDC6-S;Priority_5;London;HCU;Canada Water;SOLiD;SOLiD HCU;Ticket Hall_Escalator;TFLGB-J009;RAN;Multi Techno;Repeater, Transcoder;Sector 24;;Deployed;;
Capita TfL GB;PCN-J013-LRN-51M;PCN-J013-LRN-51M | Sector 11 | Platform 2;TFLGB-PCN-J013-LRN-51M;PCN-J013-LRN-51M;Priority_5;London;LRN;Southwark;SOLiD;SOLiD LRN;Platform 2;TFLGB-J013;RAN;Multi Techno;Repeater, Transcoder;Sector 11;;Deployed;;
Capita TfL GB;PCN-J016-J-WBLO-HRN-003M;PCN-J016-J-WBLO-HRN-003M | Sector 14 | West Tunnel;TFLGB-PCN-J016-J-WBLO-HRN-003M;PCN-J016-J-WBLO-HRN-003M;Priority_5;London;HRN;London Bridge;SOLiD;SOLiD HRN;West Tunnel;TFLGB-J016;RAN;Multi Techno;Repeater, Transcoder;Sector 14;;Deployed;;
Capita TfL GB;PCN-J009-DAS28;PCN-J009-DAS28 | Sector 28 | BTS Hotel;TFLGB-PCN-J009-DAS28;PCN-J009-DAS28;Priority_1;London;DAU;Canada Water;SOLiD;SOLiD DAU;BTS Hotel;TFLGB-J009;RAN;Multi Techno;Repeater, Transcoder;Sector 28;;Deployed;;
Capita TfL GB;PCN-J009-DAS28;PCN-J009-DAS28 | Sector 28 | BTS Hotel;TFLGB-PCN-J009-DAS28;PCN-J009-DAS28;Priority_1;London;DAU;Canada Water;SOLiD;SOLiD DAU;BTS Hotel;TFLGB-J009;RAN;Multi Techno;Repeater, Transcoder;Sector 28;;Deployed;;
